,Unnamed: 0,ID,Title,Year,Age,IMDb,Rotten Tomatoes,Netflix,Hulu,Prime Video,Disney+,Type,Directors,Genres,Country,Language,Runtime
95,95,96,Saving Mr. Banks,2013,13+,7.5,79%,1,0,0,1,0,John Lee Hancock,"Biography,Comedy,Drama","United States,United Kingdom,Australia",English,125.0
103,103,104,Amy,2015,18+,7.8,95%,1,0,1,1,0,,Drama,United States,English,60.0
122,122,123,Bolt,2008,7+,6.8,89%,1,0,0,1,0,"Byron Howard,Chris Williams","Animation,Adventure,Comedy,Drama,Family",United States,English,96.0
125,125,126,The Princess and the Frog,2009,all,7.1,85%,1,0,0,1,0,"Ron Clements,John Musker","Animation,Adventure,Comedy,Family,Fantasy,Musical,Romance",United States,"English,French",97.0
150,150,151,Miracle,2004,7+,7.5,81%,1,0,0,1,0,Gavin O'Connor,"Biography,Drama,History,Sport","Canada,United States",English,135.0
482,482,483,White Fang,2018,7+,6.9,88%,1,0,0,1,0,Randal Kleiser,"Adventure,Drama",United States,English,107.0
724,724,725,Chicken Little,2005,all,5.7,37%,1,0,0,1,0,Mark Dindal,"Animation,Adventure,Comedy,Family,Fantasy,Sci-Fi",United States,English,81.0
1647,1647,1648,Diana: In Her Own Words,2017,,7.9,,1,0,0,1,0,"Tom Jennings,David Tillman","Documentary,Biography",United Kingdom,English,112.0
1761,1761,1762,The Little Mermaid,2018,7+,4.2,20%,1,0,0,1,0,"Ron Clements,John Musker","Animation,Family,Fantasy,Musical,Romance",United States,"English,French",83.0
1776,1776,1777,Zapped,2014,all,5.1,,1,1,0,1,0,Peter DeLuise,"Comedy,Family,Fantasy","Canada,United States",English,102.0
3580,3580,3581,Free Solo,2018,13+,8.2,97%,0,1,0,1,0,"Jimmy Chin,Elizabeth Chai Vasarhelyi","Documentary,Adventure,Sport",United States,English,100.0
3679,3679,3680,Jane,2017,7+,7.8,98%,0,1,0,1,0,Julian Jarrold,"Biography,Drama,Romance","United Kingdom,Ireland",English,120.0
3774,3774,3775,The Hunchback of Notre Dame,1923,,7.3,91%,0,1,0,1,0,"Gary Trousdale,Kirk Wise","Animation,Drama,Family,Musical,Romance","United States,France","English,Latin",91.0
3854,3854,3855,Teen Spirit,2019,13+,6.1,71%,0,1,0,1,0,Max Minghella,"Drama,Music","United Kingdom,United States","English,Polish",93.0
3960,3960,3961,The Kid,2019,18+,5.9,45%,0,1,1,1,0,Vincent D'Onofrio,"Biography,Drama,Western",United States,English,100.0
4313,4313,4314,Inside Out,2011,13+,4.5,25%,0,1,1,1,0,"Pete Docter,Ronnie Del Carmen","Animation,Adventure,Comedy,Drama,Family,Fantasy",United States,English,95.0
4438,4438,4439,The Avengers,2012,13+,8.0,92%,0,0,1,1,0,Joss Whedon,"Action,Adventure,Sci-Fi",United States,"English,Russian,Hindi",143.0
4454,4454,4455,Thor,2011,13+,7.0,77%,0,0,1,1,0,Kenneth Branagh,"Action,Adventure,Fantasy",United States,English,115.0
4455,4455,4456,Captain America: The First Avenger,2011,13+,6.9,80%,0,0,1,1,0,Joe Johnston,"Action,Adventure,Sci-Fi",United States,"English,Norwegian,French",124.0
4462,4462,4463,Iron Man 2,2010,13+,7.0,73%,0,0,1,1,0,Jon Favreau,"Action,Adventure,Sci-Fi",United States,"English,French,Russian",124.0
5164,5164,5165,Robin Hood,1922,7+,7.2,100%,0,0,1,1,0,Ridley Scott,"Action,Adventure,Drama,History","United States,United Kingdom","English,French,Ukrainian",140.0
5398,5398,5399,The Three Musketeers,1921,,7.0,100%,0,0,1,1,0,Paul W.S. Anderson,"Action,Adventure,Fantasy,History,Romance,Thriller","United States,Germany,France,United Kingdom",English,110.0
5401,5401,5402,Empire of Dreams: The Story of the Star Wars Trilogy,2004,,8.3,,0,0,1,1,0,"Edith Becker,Kevin Burns","Documentary,History,Sci-Fi",United States,English,151.0
6492,6492,6493,Cinderella,1965,all,7.8,,0,0,1,1,0,Kenneth Branagh,"Drama,Family,Fantasy,Romance","United States,United Kingdom",English,105.0
6855,6855,6856,Starstruck,1982,7+,7.0,,0,0,1,1,0,Michael Grossman,"Comedy,Family,Music,Romance",United States,English,90.0
6960,6960,6961,Elephant,1989,,7.1,,0,0,1,1,0,Gus Van Sant,"Crime,Drama,Thriller",United States,"English,German",81.0
8572,8572,8573,Noelle,2007,7+,5.9,57%,0,0,1,1,0,Marc Lawrence,"Comedy,Family,Fantasy",United States,English,100.0
9328,9328,9329,The Prince and the Pauper,2000,7+,6.5,,0,0,1,1,0,Don Chaffey,Adventure,United Kingdom,English,93.0
9802,9802,9803,"20,000 Leagues Under the Sea",1997,,5.0,,0,0,1,1,0,Richard Fleischer,"Adventure,Drama,Family,Fantasy,Sci-Fi",United States,English,127.0
10102,10102,10103,Bears,2001,,7.3,,0,0,1,1,0,"Aaron Blaise,Robert Walker","Animation,Adventure,Comedy,Family,Fantasy",United States,"English,Inuktitut,Croatian,Serbian",85.0
11538,11538,11539,The Swap,1979,18+,3.4,,0,0,1,1,0,Jay Karas,"Comedy,Family,Fantasy",United States,English,100.0
12717,12717,12718,Sleeping Beauty,2014,13+,2.7,,0,0,1,1,0,Julia Leigh,"Drama,Romance,Thriller",Australia,English,101.0
16212,16212,16213,Star Wars: A New Hope,1977,7+,8.6,92%,0,0,0,1,0,George Lucas,"Action,Adventure,Fantasy,Sci-Fi",United States,English,121.0
16213,16213,16214,Star Wars: The Empire Strikes Back,1980,7+,8.7,94%,0,0,0,1,0,Irvin Kershner,"Action,Adventure,Fantasy,Sci-Fi",United States,English,124.0
16214,16214,16215,The Lion King,1994,all,8.5,93%,0,0,0,1,0,Jon Favreau,"Animation,Adventure,Drama,Family,Musical","United States,United Kingdom","English,Xhosa,Zulu,French,Spanish",118.0
16215,16215,16216,Toy Story,1995,all,8.3,100%,0,0,0,1,0,John Lasseter,"Animation,Adventure,Comedy,Family,Fantasy",United States,English,81.0
16216,16216,16217,Avengers: Endgame,2019,13+,8.4,93%,0,0,0,1,0,"Anthony Russo,Joe Russo","Action,Adventure,Drama,Sci-Fi",United States,"English,Japanese,Xhosa,German",181.0
16217,16217,16218,WALL·E,2008,all,8.4,95%,0,0,0,1,0,Andrew Stanton,"Animation,Adventure,Family,Sci-Fi",United States,English,98.0
16218,16218,16219,Up,2009,7+,8.2,98%,0,0,0,1,0,"Pete Docter,Bob Peterson","Animation,Adventure,Comedy,Family",United States,English,96.0
16219,16219,16220,Guardians of the Galaxy,2014,13+,8.0,91%,0,0,0,1,0,James Gunn,"Action,Adventure,Comedy,Sci-Fi",United States,English,121.0
16220,16220,16221,Finding Nemo,2003,all,8.1,99%,0,0,0,1,0,"Andrew Stanton,Lee Unkrich","Animation,Adventure,Comedy,Family","United States,Australia",English,100.0
16221,16221,16222,Coco,2017,7+,8.4,97%,0,0,0,1,0,"Lee Unkrich,Adrian Molina","Animation,Adventure,Family,Fantasy,Music,Mystery",United States,"English,Spanish",105.0
16222,16222,16223,Toy Story 3,2010,all,8.3,98%,0,0,0,1,0,Lee Unkrich,"Animation,Adventure,Comedy,Family,Fantasy",United States,"English,Spanish",103.0
16223,16223,16224,"Monsters, Inc.",2001,all,8.0,96%,0,0,0,1,0,"Pete Docter,David Silverman,Lee Unkrich","Animation,Adventure,Comedy,Family,Fantasy",United States,English,92.0
16224,16224,16225,Star Wars: Return of the Jedi,1983,7+,8.3,82%,0,0,0,1,0,Richard Marquand,"Action,Adventure,Fantasy,Sci-Fi",United States,English,131.0
16225,16225,16226,Zootopia,2016,7+,8.0,98%,0,0,0,1,0,"Byron Howard,Rich Moore,Jared Bush","Animation,Adventure,Comedy,Crime,Family,Mystery",United States,English,108.0
16226,16226,16227,Star Wars: The Force Awakens,2015,13+,7.9,93%,0,0,0,1,0,J.J. Abrams,"Action,Adventure,Sci-Fi",United States,English,138.0
16227,16227,16228,Captain America: Civil War,2016,13+,7.8,91%,0,0,0,1,0,"Anthony Russo,Joe Russo","Action,Adventure,Sci-Fi",United States,"English,German,Xhosa,Russian,Romanian,Hindi",147.0
16228,16228,16229,Thor: Ragnarok,2017,13+,7.9,93%,0,0,0,1,0,Taika Waititi,"Action,Adventure,Comedy,Fantasy,Sci-Fi",United States,English,130.0
16229,16229,16230,The Princess Bride,1987,7+,8.1,97%,0,0,0,1,0,Rob Reiner,"Adventure,Family,Fantasy,Romance",United States,English,98.0
16230,16230,16231,Ratatouille,2007,all,8.0,96%,0,0,0,1,0,"Brad Bird,Jan Pinkava","Animation,Adventure,Comedy,Drama,Family,Fantasy",United States,"English,French",111.0
16231,16231,16232,Captain America: The Winter Soldier,2014,13+,7.7,90%,0,0,0,1,0,"Anthony Russo,Joe Russo","Action,Adventure,Sci-Fi,Thriller",United States,"English,French",136.0
16232,16232,16233,Aladdin,1992,all,8.0,95%,0,0,0,1,0,Guy Ritchie,"Adventure,Family,Fantasy,Musical,Romance",United States,"English,Arabic",128.0
16233,16233,16234,Toy Story 2,1999,all,7.9,100%,0,0,0,1,0,"John Lasseter,Ash Brannon,Lee Unkrich","Animation,Adventure,Comedy,Family,Fantasy",United States,"English,Arabic,Spanish",92.0
16234,16234,16235,The Incredibles,2004,7+,8.0,97%,0,0,0,1,0,Brad Bird,"Animation,Action,Adventure,Family",United States,"English,French",115.0
16235,16235,16236,Pirates of the Caribbean: The Curse of the Black Pearl,2003,13+,8.0,79%,0,0,0,1,0,Gore Verbinski,"Action,Adventure,Fantasy",United States,English,143.0
16236,16236,16237,Avatar,2009,13+,7.8,82%,0,0,0,1,0,,"Animation,Action,Adventure,Family,Fantasy,Mystery",United States,English,23.0
16237,16237,16238,Big Hero 6,2014,7+,7.8,89%,0,0,0,1,0,"Don Hall,Chris Williams","Animation,Action,Adventure,Family,Sci-Fi",United States,English,102.0
16238,16238,16239,Doctor Strange,2016,13+,7.5,89%,0,0,0,1,0,Scott Derrickson,"Action,Adventure,Fantasy,Sci-Fi",United States,English,115.0
16239,16239,16240,Guardians of the Galaxy Vol. 2,2017,13+,7.6,85%,0,0,0,1,0,James Gunn,"Action,Adventure,Comedy,Sci-Fi",United States,English,136.0
16240,16240,16241,Rogue One: A Star Wars Story,2016,13+,7.8,84%,0,0,0,1,0,Gareth Edwards,"Action,Adventure,Sci-Fi",United States,English,133.0
16241,16241,16242,Toy Story 4,2019,all,7.8,97%,0,0,0,1,0,Josh Cooley,"Animation,Adventure,Comedy,Family,Fantasy",United States,English,100.0
16242,16242,16243,Moana,2016,7+,7.6,95%,0,0,0,1,0,"Ron Clements,John Musker,Don Hall,Chris Williams","Animation,Adventure,Comedy,Family,Fantasy,Musical",United States,English,107.0
16243,16243,16244,Frozen,2013,7+,7.4,90%,0,0,0,1,0,"Chris Buck,Jennifer Lee","Animation,Adventure,Comedy,Family,Fantasy,Musical",United States,"English,Norwegian",102.0
16244,16244,16245,The Nightmare Before Christmas,1993,7+,8.0,95%,0,0,0,1,0,Henry Selick,"Animation,Family,Fantasy,Musical",United States,English,76.0
16245,16245,16246,Black Panther,2018,13+,7.3,97%,0,0,0,1,0,Ryan Coogler,"Action,Adventure,Sci-Fi",United States,"English,Swahili,Nama,Xhosa,Korean",134.0
16246,16246,16247,Tangled,2010,7+,7.7,89%,0,0,0,1,0,"Nathan Greno,Byron Howard","Animation,Adventure,Comedy,Family,Fantasy,Musical,Romance",United States,English,100.0
16247,16247,16248,Wreck-It Ralph,2012,7+,7.7,87%,0,0,0,1,0,Rich Moore,"Animation,Adventure,Comedy,Family,Fantasy",United States,English,101.0
16248,16248,16249,Ant-Man,2015,13+,7.3,83%,0,0,0,1,0,Peyton Reed,"Action,Adventure,Comedy,Sci-Fi",United States,English,117.0
16249,16249,16250,Onward,2020,7+,7.5,88%,0,0,0,1,0,Dan Scanlon,"Animation,Adventure,Comedy,Family,Fantasy",United States,English,102.0
16250,16250,16251,Avengers: Age of Ultron,2015,13+,7.3,75%,0,0,0,1,0,Joss Whedon,"Action,Adventure,Sci-Fi",United States,"English,Korean",141.0
16251,16251,16252,Mary Poppins,1964,all,7.8,100%,0,0,0,1,0,Robert Stevenson,"Comedy,Family,Fantasy,Musical",United States,English,139.0
16252,16252,16253,Finding Dory,2016,7+,7.3,94%,0,0,0,1,0,"Andrew Stanton,Angus MacLane","Animation,Adventure,Comedy,Family",United States,"English,Indonesian",97.0
16253,16253,16254,Who Framed Roger Rabbit,1988,7+,7.7,97%,0,0,0,1,0,"Robert Zemeckis,Richard Williams","Animation,Adventure,Comedy,Crime,Family,Fantasy,Mystery",United States,English,104.0
16254,16254,16255,Mulan,1998,all,7.6,86%,0,0,0,1,0,Niki Caro,"Action,Adventure,Drama,Family",United States,English,115.0
16255,16255,16256,Iron Man 3,2013,13+,7.2,79%,0,0,0,1,0,Shane Black,"Action,Adventure,Sci-Fi",United States,English,130.0
16256,16256,16257,The Sound of Music,1965,all,8.0,83%,0,0,0,1,0,Robert Wise,"Biography,Drama,Family,Musical,Romance",United States,"English,German",172.0
16257,16257,16258,Ice Age,2002,7+,7.5,77%,0,0,0,1,0,"Chris Wedge,Carlos Saldanha","Animation,Adventure,Comedy,Family,Fantasy",United States,English,81.0
16258,16258,16259,Cars,2006,all,7.1,75%,0,0,0,1,0,"John Lasseter,Joe Ranft","Animation,Comedy,Family,Sport",United States,"English,Italian,Japanese,Yiddish",117.0
16259,16259,16260,Snow White and the Seven Dwarfs,1937,all,7.6,98%,0,0,0,1,0,"William Cottrell,David Hand,Wilfred Jackson,Larry Morey,Perce Pearce,Ben Sharpsteen","Animation,Family,Fantasy,Musical,Romance",United States,English,83.0
16260,16260,16261,Monsters University,2013,all,7.3,80%,0,0,0,1,0,Dan Scanlon,"Animation,Adventure,Comedy,Family,Fantasy",United States,English,104.0
16261,16261,16262,Frozen II,2019,7+,6.9,77%,0,0,0,1,0,"Chris Buck,Jennifer Lee","Animation,Adventure,Comedy,Family,Fantasy,Musical",United States,English,103.0
16262,16262,16263,Togo,2019,7+,8.1,91%,0,0,0,1,0,Ericson Core,"Adventure,Biography,Drama,Family,History",United States,English,113.0
16263,16263,16264,A Bug's Life,1998,all,7.2,92%,0,0,0,1,0,"John Lasseter,Andrew Stanton","Animation,Adventure,Comedy,Family",United States,English,95.0
16264,16264,16265,The Jungle Book,1967,all,7.6,87%,0,0,0,1,0,Jon Favreau,"Adventure,Drama,Family,Fantasy","United Kingdom,United States",English,106.0
16265,16265,16266,Remember the Titans,2000,7+,7.8,73%,0,0,0,1,0,Boaz Yakin,"Biography,Drama,Sport",United States,English,113.0
16266,16266,16267,Brave,2012,7+,7.1,78%,0,0,0,1,0,"Mark Andrews,Brenda Chapman,Steve Purcell","Animation,Adventure,Comedy,Family,Fantasy","United States,United Kingdom",English,93.0
16267,16267,16268,The Simpsons Movie,2007,13+,7.3,88%,0,0,0,1,0,David Silverman,"Animation,Adventure,Comedy",United States,English,87.0
16268,16268,16269,Fantasia,1940,all,7.8,94%,0,0,0,1,0,"James Algar,Samuel Armstrong,Ford Beebe Jr.,Norman Ferguson,David Hand,Jim Handley,T. Hee,Wilfred Jackson,Hamilton Luske,Bill Roberts,Paul Satterfield,Ben Sharpsteen","Animation,Family,Fantasy,Music",United States,English,125.0
16269,16269,16270,The Emperor's New Groove,2000,all,7.3,85%,0,0,0,1,0,Mark Dindal,"Animation,Adventure,Comedy,Family,Fantasy",United States,English,78.0
16270,16270,16271,The Straight Story,1999,all,8.0,95%,0,0,0,1,0,David Lynch,"Biography,Drama","France,United Kingdom,United States",English,112.0
16271,16271,16272,One Hundred and One Dalmatians,1961,all,7.2,98%,0,0,0,1,0,"Clyde Geronimi,Hamilton Luske,Wolfgang Reitherman","Animation,Adventure,Comedy,Family",United States,English,79.0
16272,16272,16273,Lady and the Tramp,1955,all,7.3,93%,0,0,0,1,0,Charlie Bean,"Adventure,Comedy,Drama,Family,Musical,Romance",United States,English,103.0
16273,16273,16274,Pinocchio,1940,all,7.4,100%,0,0,0,1,0,Matteo Garrone,"Drama,Fantasy","Italy,France,United Kingdom",Italian,120.0
16274,16274,16275,Thor: The Dark World,2013,13+,6.9,66%,0,0,0,1,0,Alan Taylor,"Action,Adventure,Fantasy",United States,English,112.0
16275,16275,16276,Star Wars: The Last Jedi,2017,13+,7.0,90%,0,0,0,1,0,Rian Johnson,"Action,Adventure,Fantasy,Sci-Fi",United States,English,152.0
16276,16276,16277,Lilo & Stitch,2002,7+,7.2,86%,0,0,0,1,0,"Dean DeBlois,Chris Sanders","Animation,Adventure,Comedy,Drama,Family,Fantasy,Sci-Fi",United States,"English,Hawaiian",85.0
16277,16277,16278,Star Wars: The Rise of Skywalker,2019,13+,6.7,52%,0,0,0,1,0,J.J. Abrams,"Action,Adventure,Fantasy,Sci-Fi",United States,English,142.0
16278,16278,16279,Pirates of the Caribbean: Dead Man's Chest,2006,13+,7.3,53%,0,0,0,1,0,Gore Verbinski,"Action,Adventure,Fantasy",United States,"English,Turkish,Greek,Mandarin,French",151.0
16279,16279,16280,Bambi,1942,all,7.3,90%,0,0,0,1,0,"James Algar,Samuel Armstrong,David Hand,Graham Heid,Bill Roberts,Paul Satterfield,Norman Wright,Arthur Davis,Clyde Geronimi","Animation,Drama,Family",United States,English,70.0
16280,16280,16281,Captain Marvel,2019,13+,6.9,78%,0,0,0,1,0,"Anna Boden,Ryan Fleck","Action,Adventure,Sci-Fi","United States,Australia",English,123.0
16281,16281,16282,Alice in Wonderland,1951,all,7.4,81%,0,0,0,1,0,Tim Burton,"Adventure,Family,Fantasy",United States,English,108.0
16282,16282,16283,Peter Pan,1953,all,7.3,80%,0,0,0,1,0,P.J. Hogan,"Adventure,Family,Fantasy,Romance","United Kingdom,Australia,United States,New Zealand","English,North American Indian",113.0
16283,16283,16284,"The Chronicles of Narnia: The Lion, the Witch and the Wardrobe",2005,7+,6.9,76%,0,0,0,1,0,Andrew Adamson,"Adventure,Family,Fantasy","United Kingdom,United States","English,German,Brazilian Sign Language",143.0
16284,16284,16285,Miracle on 34th Street,1947,all,7.9,96%,0,0,0,1,0,George Seaton,"Comedy,Drama,Family",United States,"English,Dutch",96.0
16285,16285,16286,Pirates of the Caribbean: At World's End,2007,13+,7.1,44%,0,0,0,1,0,Gore Verbinski,"Action,Adventure,Fantasy",United States,English,169.0
16286,16286,16287,The Many Adventures of Winnie the Pooh,1977,all,7.6,100%,0,0,0,1,0,"John Lounsbery,Wolfgang Reitherman,Ben Sharpsteen","Animation,Adventure,Comedy,Family,Musical",United States,English,74.0
16287,16287,16288,Star Wars: Episode II - Attack of the Clones,2002,7+,6.5,65%,0,0,0,1,0,George Lucas,"Action,Adventure,Fantasy,Sci-Fi",United States,English,142.0
16288,16288,16289,The Muppet Movie,1979,all,7.6,88%,0,0,0,1,0,James Frawley,"Adventure,Comedy,Family,Musical","United Kingdom,United States",English,95.0
16289,16289,16290,Mickey's Christmas Carol,1983,all,8.0,100%,0,0,0,1,0,Burny Mattinson,"Animation,Short,Comedy,Family,Fantasy",United States,English,26.0
16290,16290,16291,Star Wars: Episode I - The Phantom Menace,1999,7+,6.5,53%,0,0,0,1,0,George Lucas,"Action,Adventure,Fantasy,Sci-Fi",United States,English,136.0
16291,16291,16292,Cool Runnings,1993,7+,7.0,76%,0,0,0,1,0,Jon Turteltaub,"Adventure,Comedy,Family,History,Sport",United States,"English,German,Russian",98.0
16292,16292,16293,The Parent Trap,1998,7+,6.5,86%,0,0,0,1,0,Nancy Meyers,"Adventure,Comedy,Drama,Family,Romance","United States,United Kingdom","English,French",128.0
16293,16293,16294,The Muppet Christmas Carol,1992,all,7.7,75%,0,0,0,1,0,Brian Henson,"Comedy,Drama,Family,Fantasy,Musical","United States,United Kingdom",English,85.0
16294,16294,16295,Treasure Planet,2002,7+,7.2,69%,0,0,0,1,0,"Ron Clements,John Musker","Animation,Adventure,Family,Sci-Fi",United States,English,95.0
16295,16295,16296,The Fox and the Hound,1981,all,7.3,70%,0,0,0,1,0,"Ted Berman,Richard Rich,Art Stevens,David Hand,Wolfgang Reitherman","Animation,Adventure,Drama,Family",United States,English,83.0
16296,16296,16297,Holes,2003,7+,7.0,78%,0,0,0,1,0,Andrew Davis,"Adventure,Comedy,Drama,Family,Mystery",United States,English,117.0
16297,16297,16298,Pete's Dragon,2016,7+,6.7,88%,0,0,0,1,0,David Lowery,"Action,Adventure,Comedy,Drama,Family,Fantasy",United States,English,102.0
16298,16298,16299,The Good Dinosaur,2015,7+,6.7,76%,0,0,0,1,0,Peter Sohn,"Animation,Adventure,Comedy,Drama,Family,Fantasy",United States,English,93.0
16299,16299,16300,Frankenweenie,2012,7+,6.9,87%,0,0,0,1,0,Tim Burton,"Animation,Comedy,Family,Horror,Sci-Fi",United States,English,87.0
16300,16300,16301,Tron,1982,7+,6.8,74%,0,0,0,1,0,Joseph Kosinski,"Action,Adventure,Sci-Fi",United States,English,125.0
16301,16301,16302,Winnie the Pooh,2011,all,7.2,91%,0,0,0,1,0,Marc Forster,"Comedy,Drama,Family,Fantasy","United Kingdom,United States",English,104.0
16302,16302,16303,TRON: Legacy,2010,7+,6.8,51%,0,0,0,1,0,Joseph Kosinski,"Action,Adventure,Sci-Fi",United States,English,125.0
16303,16303,16304,The Sword in the Stone,1963,all,7.2,67%,0,0,0,1,0,"Wolfgang Reitherman,Clyde Geronimi,David Hand","Animation,Adventure,Comedy,Family,Fantasy,Musical",United States,English,79.0
16304,16304,16305,The Aristocats,1970,all,7.1,66%,0,0,0,1,0,Wolfgang Reitherman,"Animation,Adventure,Comedy,Family,Musical",United States,English,78.0
16305,16305,16306,Cars 3,2017,all,6.7,70%,0,0,0,1,0,Brian Fee,"Animation,Adventure,Comedy,Family,Sport",United States,English,102.0
16306,16306,16307,Queen of Katwe,2016,7+,7.4,93%,0,0,0,1,0,Mira Nair,"Biography,Drama,Sport",United States,English,124.0
16307,16307,16308,Homeward Bound: The Incredible Journey,1993,all,6.9,87%,0,0,0,1,0,Duwayne Dunham,"Adventure,Comedy,Drama,Family",United States,English,84.0
16308,16308,16309,Maleficent: Mistress of Evil,2019,7+,6.6,40%,0,0,0,1,0,Joachim Rønning,"Adventure,Family,Fantasy","United States,United Kingdom,Canada",English,119.0
16309,16309,16310,Before the Flood,2016,7+,8.3,74%,0,0,0,1,0,Fisher Stevens,Documentary,United States,English,96.0
16310,16310,16311,The Chronicles of Narnia: Prince Caspian,2008,7+,6.5,66%,0,0,0,1,0,Andrew Adamson,"Action,Adventure,Family,Fantasy","United States,Poland,Slovenia,Czech Republic,United Kingdom",English,150.0
16311,16311,16312,The Great Mouse Detective,1986,all,7.2,79%,0,0,0,1,0,"Ron Clements,Burny Mattinson,David Michener,John Musker","Animation,Adventure,Family,Musical,Mystery",United States,"English,French,German,Italian",74.0
16312,16312,16313,Flight of the Navigator,1986,7+,6.9,83%,0,0,0,1,0,Randal Kleiser,"Adventure,Comedy,Family,Sci-Fi",United States,English,90.0
16313,16313,16314,James and the Giant Peach,1996,7+,6.7,91%,0,0,0,1,0,Henry Selick,"Animation,Adventure,Family,Fantasy,Musical","United Kingdom,United States",English,79.0
16314,16314,16315,Willow,1988,7+,7.3,50%,0,0,0,1,0,Ron Howard,"Action,Adventure,Drama,Fantasy,Romance",United States,English,126.0
16315,16315,16316,Meet the Robinsons,2007,all,6.8,67%,0,0,0,1,0,Stephen J. Anderson,"Animation,Adventure,Comedy,Family,Sci-Fi",United States,English,95.0
16316,16316,16317,Star Wars: Episode III - Revenge of the Sith,2005,13+,7.5,,0,0,0,1,0,George Lucas,"Action,Adventure,Fantasy,Sci-Fi",United States,English,140.0
16317,16317,16318,Fantasia 2000,1999,all,7.2,81%,0,0,0,1,0,"James Algar,Gaëtan Brizzi,Paul Brizzi,Hendel Butoy,Francis Glebas,Eric Goldberg,Don Hahn,Pixote Hunt","Animation,Comedy,Family,Fantasy,Music",United States,English,75.0
16318,16318,16319,Tinker Bell,2008,all,6.8,100%,0,0,0,1,0,Bradley Raymond,"Animation,Adventure,Family,Fantasy",United States,English,78.0
16319,16319,16320,The Rescuers,1977,all,6.9,80%,0,0,0,1,0,"John Lounsbery,Wolfgang Reitherman,Art Stevens","Animation,Adventure,Comedy,Family,Fantasy",United States,English,78.0
16320,16320,16321,Eight Below,2006,7+,7.3,72%,0,0,0,1,0,Frank Marshall,"Adventure,Drama,Family",United States,English,120.0
16321,16321,16322,Invincible,2006,7+,7.1,72%,0,0,0,1,0,Angelina Jolie,"Biography,Drama,Sport,War",United States,"English,Japanese,Italian",137.0
16322,16322,16323,Sister Act,1992,7+,6.4,73%,0,0,0,1,0,Emile Ardolino,"Comedy,Crime,Family,Music",United States,English,100.0
16323,16323,16324,John Carter,2012,13+,6.6,52%,0,0,0,1,0,Andrew Stanton,"Action,Adventure,Sci-Fi",United States,English,132.0
16324,16324,16325,Freaky Friday,2003,7+,6.1,88%,0,0,0,1,0,Mark Waters,"Comedy,Family,Fantasy,Music,Romance",United States,"English,Mandarin",97.0
16325,16325,16326,The Santa Clause,1994,7+,6.5,71%,0,0,0,1,0,John Pasquin,"Comedy,Drama,Family,Fantasy","United States,Canada","English,Spanish",97.0
16326,16326,16327,Descendants,2015,all,6.4,90%,0,0,0,1,0,Kenny Ortega,"Comedy,Family,Fantasy,Musical",United States,English,112.0
16327,16327,16328,Old Yeller,1957,all,7.3,100%,0,0,0,1,0,Robert Stevenson,"Adventure,Drama,Family,Western",United States,English,83.0
16328,16328,16329,"Honey, I Shrunk the Kids",1989,7+,6.3,75%,0,0,0,1,0,Joe Johnston,"Adventure,Comedy,Family,Sci-Fi","United States,Mexico",English,93.0
16329,16329,16330,Phineas and Ferb the Movie: Across the 2nd Dimension,2011,all,7.4,100%,0,0,0,1,0,"Robert Hughes,Dan Povenmire,Jay Lender,Jeff 'Swampy' Marsh,Kyle Menke","Animation,Action,Adventure,Comedy,Family,Musical,Sci-Fi",United States,English,78.0
16330,16330,16331,Pirates of the Caribbean: On Stranger Tides,2011,13+,6.6,33%,0,0,0,1,0,Rob Marshall,"Action,Adventure,Fantasy","United States,United Kingdom","English,Spanish",137.0
16331,16331,16332,The BFG,2016,7+,6.4,75%,0,0,0,1,0,Steven Spielberg,"Adventure,Family,Fantasy","United States,India,United Kingdom",English,117.0
16332,16332,16333,The Princess Diaries,2001,all,6.3,48%,0,0,0,1,0,Garry Marshall,"Comedy,Family,Romance","United States,United Kingdom","English,Dutch,Italian",111.0
16333,16333,16334,National Treasure: Book of Secrets,2007,7+,6.5,36%,0,0,0,1,0,Jon Turteltaub,"Action,Adventure,Family,Mystery,Thriller",United States,"English,French",124.0
16334,16334,16335,The Finest Hours,2016,13+,6.8,64%,0,0,0,1,0,Craig Gillespie,"Action,Drama,History,Thriller",United States,English,117.0
16335,16335,16336,DuckTales: The Movie - Treasure of the Lost Lamp,1990,all,6.9,88%,0,0,0,1,0,Bob Hathcock,"Animation,Adventure,Comedy,Family,Fantasy","France,United States",English,74.0
16336,16336,16337,A Goofy Movie,1995,all,6.8,59%,0,0,0,1,0,Kevin Lima,"Animation,Adventure,Comedy,Family,Musical,Romance","United States,Australia,France,Canada",English,78.0
16337,16337,16338,The Greatest Game Ever Played,2005,7+,7.4,63%,0,0,0,1,0,Bill Paxton,"Biography,Drama,Sport","United States,Canada",English,120.0
16338,16338,16339,The Lion King 1½,2004,all,6.5,78%,0,0,0,1,0,Bradley Raymond,"Animation,Adventure,Comedy,Family,Musical","Australia,United States",English,77.0
16339,16339,16340,The Lion King II: Simba's Pride,1998,all,6.5,62%,0,0,0,1,0,"Darrell Rooney,Rob LaDuca","Animation,Adventure,Drama,Family,Musical,Romance","United States,Australia",English,81.0
16340,16340,16341,The Adventures of Ichabod and Mr. Toad,1949,7+,7.0,93%,0,0,0,1,0,"James Algar,Clyde Geronimi,Jack Kinney","Animation,Comedy,Family,Fantasy,Horror",United States,English,68.0
16341,16341,16342,Tinker Bell and the Lost Treasure,2009,all,6.7,100%,0,0,0,1,0,Klay Hall,"Animation,Adventure,Family,Fantasy",United States,English,81.0
16342,16342,16343,Bedknobs and Broomsticks,1971,all,7.1,65%,0,0,0,1,0,"Robert Stevenson,Ward Kimball","Animation,Adventure,Comedy,Family,Fantasy,Musical",United States,"English,German",117.0
16343,16343,16344,Hocus Pocus,1993,7+,6.9,34%,0,0,0,1,0,Kenny Ortega,"Comedy,Family,Fantasy",United States,"English,French",96.0
16344,16344,16345,Secretariat,2010,7+,7.2,63%,0,0,0,1,0,Randall Wallace,"Biography,Drama,Family,History,Sport",United States,English,123.0
16345,16345,16346,Darby O'Gill and the Little People,1959,all,7.2,100%,0,0,0,1,0,Robert Stevenson,"Adventure,Family,Fantasy,Romance",United States,"English,Irish",93.0
16346,16346,16347,Muppet Treasure Island,1996,all,7.0,73%,0,0,0,1,0,"Brian Henson,David Lane","Action,Adventure,Comedy,Family,Musical,Romance",United States,English,99.0
16347,16347,16348,The Rescuers Down Under,1990,all,6.9,69%,0,0,0,1,0,"Hendel Butoy,Mike Gabriel","Animation,Adventure,Crime,Drama,Family,Fantasy,Mystery",United States,English,77.0
16348,16348,16349,The Rocketeer,1991,7+,6.5,65%,0,0,0,1,0,Joe Johnston,"Action,Adventure,Family,Sci-Fi",United States,"English,German",108.0
16349,16349,16350,High School Musical,2006,all,5.4,63%,0,0,0,1,0,Kenny Ortega,"Comedy,Drama,Family,Music,Musical,Romance",United States,"English,Spanish",98.0
16350,16350,16351,Atlantis: The Lost Empire,2001,7+,6.9,49%,0,0,0,1,0,"Gary Trousdale,Kirk Wise","Animation,Action,Adventure,Family,Fantasy,Sci-Fi",United States,"English,French,Spanish",95.0
16351,16351,16352,The Great Muppet Caper,1981,all,7.2,76%,0,0,0,1,0,Jim Henson,"Adventure,Comedy,Crime,Family,Musical,Mystery","United Kingdom,United States",English,97.0
16352,16352,16353,Teen Beach Movie,2013,7+,5.9,86%,0,0,0,1,0,Jeffrey Hornaday,"Family,Fantasy,Musical",United States,English,110.0
16353,16353,16354,Journey to the Center of the Earth,1959,all,7.0,86%,0,0,0,1,0,Eric Brevig,"Action,Adventure,Family,Fantasy,Sci-Fi",United States,"English,Icelandic,Italian",93.0
16354,16354,16355,Pollyanna,1960,all,7.4,86%,0,0,0,1,0,David Swift,"Comedy,Drama,Family",United States,English,134.0
16355,16355,16356,High School Musical 2,2007,all,5.0,82%,0,0,0,1,0,Kenny Ortega,"Comedy,Drama,Family,Music,Musical,Romance",United States,English,104.0
16356,16356,16357,Halloweentown,1998,all,6.8,80%,0,0,0,1,0,Duwayne Dunham,"Adventure,Comedy,Family,Fantasy",United States,English,84.0
16357,16357,16358,Brother Bear,2003,all,6.8,37%,0,0,0,1,0,"Aaron Blaise,Robert Walker","Animation,Adventure,Comedy,Family,Fantasy",United States,"English,Inuktitut,Croatian,Serbian",85.0
16358,16358,16359,Millions,2004,13+,6.9,88%,0,0,0,1,0,Danny Boyle,"Comedy,Crime,Drama,Family",United Kingdom,English,98.0
16359,16359,16360,Muppets Most Wanted,2014,7+,6.4,80%,0,0,0,1,0,James Bobin,"Adventure,Comedy,Crime,Family,Musical,Mystery",United States,"English,German",107.0
16360,16360,16361,The Journey of Natty Gann,1985,7+,7.1,100%,0,0,0,1,0,Jeremy Kagan,"Adventure,Family",United States,English,101.0
16361,16361,16362,Secret of the Wings,2012,all,7.1,60%,0,0,0,1,0,"Roberts Gannaway,Peggy Holmes","Animation,Family,Fantasy","United States,India,United Kingdom",English,75.0
16362,16362,16363,Cars 2,2011,all,6.1,39%,0,0,0,1,0,"John Lasseter,Bradford Lewis","Animation,Adventure,Comedy,Family,Sport",United States,"English,Japanese,Italian,French",106.0
16363,16363,16364,Tinker Bell and the Great Fairy Rescue,2010,all,6.9,78%,0,0,0,1,0,Bradley Raymond,"Animation,Adventure,Family,Fantasy",United States,English,76.0
16364,16364,16365,Descendants 2,2017,all,6.5,67%,0,0,0,1,0,Kenny Ortega,"Action,Adventure,Family,Fantasy,Romance",United States,English,111.0
16365,16365,16366,Adventures in Babysitting,2016,all,6.0,100%,0,0,0,1,0,Chris Columbus,"Adventure,Comedy,Crime,Romance",United States,English,102.0
16366,16366,16367,Dinosaur,2000,7+,6.5,64%,0,0,0,1,0,"Eric Leighton,Ralph Zondag","Animation,Adventure,Family,Thriller",United States,English,82.0
16367,16367,16368,Dumbo,2019,7+,6.3,47%,0,0,0,1,0,Tim Burton,"Adventure,Family,Fantasy","United States,United Kingdom,Australia,Canada","English,French",112.0
16368,16368,16369,The Color of Friendship,2000,7+,7.2,100%,0,0,0,1,0,Kevin Hooks,"Biography,Drama,Family","Canada,United States",English,87.0
16369,16369,16370,Oliver & Company,1988,all,6.7,51%,0,0,0,1,0,George Scribner,"Animation,Adventure,Comedy,Family,Musical",United States,English,74.0
16370,16370,16371,Monkey Kingdom,2015,all,7.3,93%,0,0,0,1,0,"Mark Linfield,Alastair Fothergill",Documentary,United States,English,81.0
16371,16371,16372,"Davy Crockett, King of the Wild Frontier",1955,all,7.0,100%,0,0,0,1,0,Norman Foster,"Adventure,Drama,Family,Western",United States,"English,Spanish",93.0
16372,16372,16373,The Three Caballeros,1944,all,6.5,82%,0,0,0,1,0,John Landis,"Comedy,Western",United States,"English,Spanish,German",104.0
16373,16373,16374,That Darn Cat!,1965,all,6.8,94%,0,0,0,1,0,Robert Stevenson,"Comedy,Crime,Family,Thriller",United States,"English,French",116.0
16374,16374,16375,African Cats,2011,all,7.6,73%,0,0,0,1,0,"Keith Scholey,Alastair Fothergill","Documentary,Adventure",United States,English,89.0
16375,16375,16376,Newsies,1992,7+,7.0,39%,0,0,0,1,0,Kenny Ortega,"Drama,Family,History,Musical",United States,English,121.0
16376,16376,16377,3 Men and a Baby,1987,7+,6.0,75%,0,0,0,1,0,Leonard Nimoy,"Comedy,Drama,Family","United States,France",English,102.0
16377,16377,16378,Tuck Everlasting,2002,7+,6.6,60%,0,0,0,1,0,Jay Russell,"Drama,Family,Fantasy,Romance",United States,"English,French",90.0
16378,16378,16379,The Incredible Journey,1963,all,7.1,89%,0,0,0,1,0,Fletcher Markle,"Adventure,Drama,Family","Canada,United States",English,80.0
16379,16379,16380,The Love Bug,1968,all,6.5,76%,0,0,0,1,0,Robert Stevenson,"Comedy,Family,Sport",United States,"English,Cantonese,Spanish",108.0
16380,16380,16381,High School Musical 3: Senior Year,2008,all,4.8,64%,0,0,0,1,0,Kenny Ortega,"Comedy,Drama,Family,Music,Musical,Romance",United States,English,112.0
16381,16381,16382,Return to Oz,1985,7+,6.7,52%,0,0,0,1,0,Walter Murch,"Adventure,Family,Fantasy,Horror,Mystery","United Kingdom,United States",English,113.0
16382,16382,16383,Blackbeard's Ghost,1968,all,6.9,82%,0,0,0,1,0,Robert Stevenson,"Comedy,Family,Fantasy",United States,English,106.0
16383,16383,16384,Chimpanzee,2012,all,7.2,76%,0,0,0,1,0,"Alastair Fothergill,Mark Linfield","Documentary,Family","Tanzania,United States",English,78.0
16384,16384,16385,The Absent-Minded Professor,1961,all,6.8,83%,0,0,0,1,0,Robert Stevenson,"Comedy,Family,Sci-Fi,Sport",United States,English,92.0
16385,16385,16386,Camp Rock,2008,all,5.2,45%,0,0,0,1,0,Matthew Diamond,"Comedy,Family,Music,Musical,Romance",United States,"English,Portuguese",94.0
16386,16386,16387,Penguins,2019,all,7.0,92%,0,0,0,1,0,"Alastair Fothergill,Jeff Wilson","Documentary,Family",United States,English,76.0
16387,16387,16388,Pooh's Heffalump Movie,2005,all,6.4,80%,0,0,0,1,0,Frank Nissen,"Animation,Comedy,Family,Fantasy,Musical,Mystery",United States,English,68.0
16388,16388,16389,Turner & Hooch,1989,7+,6.2,52%,0,0,0,1,0,Roger Spottiswoode,"Comedy,Crime,Drama,Thriller",United States,English,97.0
16389,16389,16390,Glory Road,2006,7+,7.2,,0,0,0,1,0,James Gartner,"Biography,Drama,Sport",United States,English,118.0
16390,16390,16391,Princess Protection Program,2009,all,5.6,60%,0,0,0,1,0,Allison Liddi-Brown,"Comedy,Drama,Family",United States,English,90.0
16391,16391,16392,Science Fair,2018,7+,7.4,97%,0,0,0,1,0,"Cristina Costantini,Darren Foster",Documentary,United States,English,90.0
16392,16392,16393,Greyfriars Bobby: The True Story of a Dog,1961,,7.3,100%,0,0,0,1,0,Don Chaffey,"Drama,Family",United States,English,87.0
16393,16393,16394,Diary of a Wimpy Kid,2010,7+,6.2,53%,0,0,0,1,0,Thor Freudenthal,"Comedy,Drama,Family","United States,United Kingdom","English,German",120.0
16394,16394,16395,The Odd Life of Timothy Green,2012,7+,6.6,35%,0,0,0,1,0,Peter Hedges,"Comedy,Drama,Family,Fantasy",United States,English,105.0
16395,16395,16396,Splash,1984,7+,6.2,90%,0,0,0,1,0,Ron Howard,"Comedy,Fantasy,Romance",United States,"English,Swedish",111.0
16396,16396,16397,The Princess Diaries 2: Royal Engagement,2004,all,5.8,26%,0,0,0,1,0,Garry Marshall,"Comedy,Family,Romance",United States,"English,Greek,French,Spanish",113.0
16397,16397,16398,The Black Cauldron,1985,7+,6.4,55%,0,0,0,1,0,"Ted Berman,Richard Rich","Animation,Action,Adventure,Family,Fantasy,Horror","United States,United Kingdom","English,Portuguese",80.0
16398,16398,16399,The Game Plan,2007,7+,6.1,28%,0,0,0,1,0,Andy Fickman,"Comedy,Family,Sport",United States,English,110.0
16399,16399,16400,Cinderella III: A Twist in Time,2007,all,5.9,75%,0,0,0,1,0,Frank Nissen,"Animation,Family,Fantasy,Musical,Romance",United States,English,74.0
16400,16400,16401,Waking Sleeping Beauty,2009,7+,7.6,71%,0,0,0,1,0,Don Hahn,Documentary,United States,English,86.0
16401,16401,16402,The Tigger Movie,2000,all,6.3,62%,0,0,0,1,0,Jun Falkenstein,"Animation,Comedy,Drama,Family,Musical","United States,Japan",English,77.0
16402,16402,16403,Escape to Witch Mountain,1975,all,6.4,76%,0,0,0,1,0,John Hough,"Adventure,Family,Fantasy,Mystery,Sci-Fi",United States,English,97.0
16403,16403,16404,Timmy Failure: Mistakes Were Made,2020,7+,6.1,88%,0,0,0,1,0,Tom McCarthy,"Adventure,Comedy,Drama,Family,Fantasy",United States,English,99.0
16404,16404,16405,101 Dalmatians,1996,all,5.7,42%,0,0,0,1,0,Stephen Herek,"Adventure,Comedy,Crime,Family","United States,United Kingdom","English,Spanish",103.0
16405,16405,16406,The Last Song,2010,7+,6.0,21%,0,0,0,1,0,Julie Anne Robinson,"Drama,Music,Romance",United States,English,107.0
16406,16406,16407,George of the Jungle,1997,7+,5.5,57%,0,0,0,1,0,Sam Weisman,"Action,Adventure,Comedy,Family,Romance",United States,"English,Spanish",92.0
16407,16407,16408,Frank and Ollie,1995,7+,7.8,88%,0,0,0,1,0,Theodore Thomas,Documentary,United States,English,89.0
16408,16408,16409,The Santa Clause 2,2002,all,5.6,56%,0,0,0,1,0,Michael Lembeck,"Comedy,Family,Fantasy","United States,Canada",English,104.0
16409,16409,16410,Heavyweights,1995,7+,6.6,29%,0,0,0,1,0,Steven Brill,"Comedy,Drama,Family,Sport",United States,English,100.0
16410,16410,16411,Ice Princess,2005,all,6.0,52%,0,0,0,1,0,Tim Fywell,"Comedy,Drama,Family,Sport","United States,Canada",English,98.0
16411,16411,16412,Bedtime Stories,2008,7+,6.0,26%,0,0,0,1,0,Adam Shankman,"Comedy,Family,Fantasy,Romance",United States,English,99.0
16412,16412,16413,Cheaper by the Dozen,2003,7+,5.9,24%,0,0,0,1,0,Shawn Levy,"Comedy,Family",United States,English,98.0
16413,16413,16414,An Extremely Goofy Movie,2000,all,6.4,63%,0,0,0,1,0,Douglas McCarthy,"Animation,Comedy,Family,Sport","United States,Australia",English,79.0
16414,16414,16415,Twitches,2005,7+,5.7,60%,0,0,0,1,0,Stuart Gillard,"Comedy,Drama,Family,Fantasy",United States,English,86.0
16415,16415,16416,Iron Will,1994,7+,6.6,62%,0,0,0,1,0,Charles Haid,"Adventure,Family",United States,English,108.0
16416,16416,16417,Aladdin and the King of Thieves,1996,all,6.4,33%,0,0,0,1,0,Tad Stones,"Animation,Adventure,Comedy,Family,Fantasy,Musical,Romance",United States,English,81.0
16417,16417,16418,Piglet's Big Movie,2003,all,6.1,70%,0,0,0,1,0,Francis Glebas,"Animation,Adventure,Comedy,Family,Musical,Mystery",United States,English,75.0
16418,16418,16419,Because of Winn-Dixie,2005,7+,6.3,55%,0,0,0,1,0,Wayne Wang,"Comedy,Drama,Family",United States,English,106.0
16419,16419,16420,Fun and Fancy Free,1947,all,6.6,67%,0,0,0,1,0,"Jack Kinney,Hamilton Luske,William Morgan,Bill Roberts","Animation,Adventure,Comedy,Family,Fantasy,Musical,Romance",United States,English,73.0
16420,16420,16421,Mickey's Once Upon a Christmas,1999,all,7.2,40%,0,0,0,1,0,"Jun Falkenstein,Alex Mann,Bradley Raymond,Toby Shelton,Bill Speers","Animation,Comedy,Family,Fantasy",United States,English,66.0
16421,16421,16422,Deep Blue,2003,all,7.4,67%,0,0,0,1,0,Renny Harlin,"Action,Adventure,Sci-Fi,Thriller","United States,Mexico","English,Spanish",105.0
16422,16422,16423,Red Tails,2012,13+,5.9,40%,0,0,0,1,0,Anthony Hemingway,"Action,Drama,History,War",United States,"English,Italian,German",125.0
16423,16423,16424,Lilo & Stitch 2: Stitch Has a Glitch,2005,7+,6.3,40%,0,0,0,1,0,"Michael LaBash,Tony Leondis","Animation,Comedy,Drama,Family,Sci-Fi",United States,"English,French,Spanish",68.0
16424,16424,16425,Ruby Bridges,1998,7+,7.2,83%,0,0,0,1,0,Euzhan Palcy,"Adventure,Drama,Family,Fantasy",United States,English,96.0
16425,16425,16426,Doctor Dolittle,1998,13+,5.4,42%,0,0,0,1,0,Betty Thomas,"Comedy,Family,Fantasy",United States,English,85.0
16426,16426,16427,Brother Bear 2,2006,7+,6.2,50%,0,0,0,1,0,Ben Gluck,"Animation,Adventure,Comedy,Family,Fantasy",United States,English,74.0
16427,16427,16428,Camp Rock 2: The Final Jam,2010,7+,5.2,63%,0,0,0,1,0,Paul Hoen,"Comedy,Family,Music,Musical,Romance",United States,English,97.0
16428,16428,16429,Recess: School's Out,2001,all,6.6,60%,0,0,0,1,0,Chuck Sheetz,"Animation,Comedy,Family","United States,Japan",English,82.0
16429,16429,16430,The Adventures of Huck Finn,1993,7+,6.2,73%,0,0,0,1,0,Stephen Sommers,"Adventure,Comedy,Drama,Family",United States,"English,French",108.0
16430,16430,16431,Lemonade Mouth,2011,7+,6.9,,0,0,0,1,0,Patricia Riggen,"Comedy,Drama,Family,Music,Musical",United States,English,103.0
16431,16431,16432,The Crimson Wing: Mystery of the Flamingos,2008,all,7.3,75%,0,0,0,1,0,"Matthew Aeberhard,Leander Ward",Documentary,"United States,United Kingdom",English,78.0
16432,16432,16433,Big Business,1988,7+,6.4,44%,0,0,0,1,0,Jim Abrahams,Comedy,United States,"English,Italian",97.0
16433,16433,16434,Melody Time,1948,,6.4,80%,0,0,0,1,0,"Clyde Geronimi,Wilfred Jackson,Jack Kinney,Hamilton Luske","Animation,Comedy,Family,Musical",United States,English,75.0
16434,16434,16435,Bambi II,2006,all,6.1,50%,0,0,0,1,0,Brian Pimental,"Animation,Adventure,Drama,Family,Romance",United States,English,75.0
16435,16435,16436,The Cheetah Girls,2003,all,4.8,71%,0,0,0,1,0,Oz Scott,"Comedy,Drama,Family,Music,Musical","Canada,United States","English,Spanish",100.0
16436,16436,16437,Hannah Montana: The Movie,2009,all,4.5,44%,0,0,0,1,0,Peter Chelsom,"Comedy,Drama,Family,Music,Romance",United States,English,102.0
16437,16437,16438,Herbie Rides Again,1974,all,5.7,80%,0,0,0,1,0,Robert Stevenson,"Comedy,Family,Fantasy,Romance",United States,English,88.0
16438,16438,16439,Descendants 3,2019,all,6.7,78%,0,0,0,1,0,Kenny Ortega,"Adventure,Family,Musical",United States,English,106.0
16439,16439,16440,Olaf's Frozen Adventure,2017,all,5.5,57%,0,0,0,1,0,"Kevin Deters,Stevie Wermers","Animation,Short,Adventure,Comedy,Family,Fantasy,Musical",United States,English,22.0
16440,16440,16441,The Apple Dumpling Gang,1975,all,6.5,56%,0,0,0,1,0,Norman Tokar,"Comedy,Family,Western",United States,English,100.0
16441,16441,16442,Newsies: The Broadway Musical,2017,13+,8.5,,0,0,0,1,0,"Jeff Calhoun,Brett Sullivan",Musical,United States,English,149.0
16442,16442,16443,101 Dalmatians II: Patch's London Adventure,2003,all,5.8,67%,0,0,0,1,0,"Jim Kammerud,Brian Smith","Animation,Adventure,Comedy,Family,Musical",United States,English,74.0
16443,16443,16444,Saludos Amigos,1942,,6.2,83%,0,0,0,1,0,"Wilfred Jackson,Jack Kinney,Hamilton Luske,Bill Roberts,Norman Ferguson","Animation,Short,Adventure,Comedy,Family,Fantasy,Music",United States,"English,Portuguese",42.0
16444,16444,16445,Mighty Joe Young,1998,7+,5.6,55%,0,0,0,1,0,Ron Underwood,"Action,Adventure,Family,Fantasy,Thriller",United States,"English,Swahili",114.0
16445,16445,16446,Thumbelina,1994,all,6.3,30%,0,0,0,1,0,"Don Bluth,Gary Goldman","Animation,Family,Fantasy,Musical,Romance","Ireland,United States,Canada,United Kingdom,Denmark,Spain,Poland,Hungary",English,86.0
16446,16446,16447,The Lizzie McGuire Movie,2003,7+,5.5,41%,0,0,0,1,0,Jim Fall,"Adventure,Comedy,Family,Music,Romance",United States,"English,Italian",94.0
16447,16447,16448,The Cat from Outer Space,1978,all,6.1,67%,0,0,0,1,0,Norman Tokar,"Comedy,Family,Sci-Fi",United States,English,104.0
16448,16448,16449,Rookie of the Year,1993,7+,6.0,35%,0,0,0,1,0,Daniel Stern,"Comedy,Family,Fantasy,Sport",United States,English,103.0
16449,16449,16450,Sister Act 2: Back in the Habit,1993,7+,5.6,7%,0,0,0,1,0,Bill Duke,"Comedy,Family,Music",United States,English,107.0
16450,16450,16451,Homeward Bound II: Lost in San Francisco,1996,all,5.9,53%,0,0,0,1,0,David R. Ellis,"Adventure,Comedy,Family,Romance",United States,English,88.0
16451,16451,16452,Jump In!,2007,all,5.3,63%,0,0,0,1,0,Paul Hoen,"Comedy,Drama,Family,Romance,Sport",United States,English,85.0
16452,16452,16453,Roving Mars,2006,7+,7.2,70%,0,0,0,1,0,George Butler,"Documentary,Short",United States,English,40.0
16453,16453,16454,The Black Hole,1979,7+,6.0,40%,0,0,0,1,0,Gary Nelson,"Action,Sci-Fi",United States,English,98.0
16454,16454,16455,Lady and the Tramp II: Scamp's Adventure,2001,all,5.9,45%,0,0,0,1,0,"Darrell Rooney,Jeannine Roussel","Animation,Adventure,Family,Musical,Romance","United States,Australia",English,69.0
16455,16455,16456,Around the World in 80 Days,2004,7+,5.9,32%,0,0,0,1,0,Frank Coraci,"Action,Adventure,Comedy,Family,Western","United States,Germany,Ireland,United Kingdom","English,Cantonese,French,German,Hindi,Turkish",120.0
16456,16456,16457,Luxo Jr.,1986,all,7.3,,0,0,0,1,0,John Lasseter,"Animation,Short,Family",United States,None,2.0
16457,16457,16458,Flubber,1997,7+,5.3,24%,0,0,0,1,0,Les Mayfield,"Comedy,Family,Sci-Fi",United States,English,93.0
16458,16458,16459,The Return of Jafar,1994,all,5.9,33%,0,0,0,1,0,"Toby Shelton,Tad Stones,Alan Zaslove","Animation,Adventure,Comedy,Family,Fantasy,Musical,Romance",United States,English,69.0
16459,16459,16460,Aliens of the Deep,2005,all,6.4,84%,0,0,0,1,0,"James Cameron,Steven Quale","Documentary,Family",United States,English,100.0
16460,16460,16461,"Mickey, Donald, Goofy: The Three Musketeers",2004,all,6.4,36%,0,0,0,1,0,Donovan Cook,"Animation,Adventure,Comedy,Family,Musical,Romance",United States,English,68.0
16461,16461,16462,The Little Mermaid: Ariel's Beginning,2008,7+,6.3,33%,0,0,0,1,0,Peggy Holmes,"Animation,Drama,Family,Fantasy,Musical",United States,English,77.0
16462,16462,16463,The Cheetah Girls 2: When in Spain,2006,all,5.0,43%,0,0,0,1,0,Kenny Ortega,"Comedy,Drama,Family,Music,Musical",United States,"English,Spanish",96.0
16463,16463,16464,Pooh's Grand Adventure: The Search for Christopher Robin,1997,all,7.1,33%,0,0,0,1,0,Karl Geurs,"Animation,Adventure,Comedy,Family,Musical",United States,English,76.0
16464,16464,16465,Jack,1996,13+,5.8,18%,0,0,0,1,0,"Albert Hughes,Allen Hughes","Horror,Mystery,Thriller",United States,English,122.0
16465,16465,16466,Stargirl,2020,7+,6.2,71%,0,0,0,1,0,,"Action,Adventure,Crime,Drama,Fantasy,Sci-Fi",United States,English,45.0
16466,16466,16467,Return to Never Land,2002,all,5.8,45%,0,0,0,1,0,"Robin Budd,Donovan Cook","Animation,Adventure,Family,Fantasy","United States,Canada,Australia",English,72.0
16467,16467,16468,The Shaggy Dog,1959,all,6.5,68%,0,0,0,1,0,Charles Barton,"Family,Comedy,Fantasy",United States,English,104.0
16468,16468,16469,Herbie Goes to Monte Carlo,1977,all,5.7,60%,0,0,0,1,0,Vincent McEveety,"Action,Adventure,Comedy,Crime,Family,Romance,Sport",United States,"English,French",105.0
16469,16469,16470,Home on the Range,2004,7+,5.3,53%,0,0,0,1,0,"Will Finn,John Sanford","Animation,Adventure,Comedy,Family,Music,Western",United States,"English,Mandarin",76.0
16470,16470,16471,The Little Mermaid II: Return to the Sea,2000,7+,5.6,33%,0,0,0,1,0,"Jim Kammerud,Brian Smith","Animation,Drama,Family,Fantasy,Musical","United States,Canada,Australia,Taiwan",English,75.0
16471,16471,16472,The Cheetah Girls: One World,2008,all,4.7,67%,0,0,0,1,0,Paul Hoen,"Comedy,Drama,Family,Musical",United States,English,90.0
16472,16472,16473,Leroy & Stitch,2006,all,6.2,40%,0,0,0,1,0,"Tony Craig,Roberts Gannaway","Animation,Action,Adventure,Comedy,Drama,Family,Sci-Fi",United States,English,73.0
16473,16473,16474,Herbie Fully Loaded,2005,all,4.8,41%,0,0,0,1,0,Angela Robinson,"Adventure,Comedy,Family,Fantasy,Romance,Sport",United States,English,101.0
16474,16474,16475,Let It Shine,2012,all,6.4,,0,0,0,1,0,Paul Hoen,"Drama,Family,Music",United States,English,104.0
16475,16475,16476,Wizards of Waverly Place: The Movie,2009,7+,6.2,,0,0,0,1,0,Lev L. Spiro,"Adventure,Comedy,Drama,Family,Fantasy",United States,English,94.0
16476,16476,16477,A Wrinkle in Time,2018,7+,4.2,42%,0,0,0,1,0,Ava DuVernay,"Adventure,Family,Fantasy,Sci-Fi",United States,English,109.0
16477,16477,16478,Benji the Hunted,1987,all,6.3,50%,0,0,0,1,0,Joe Camp,"Adventure,Family",United States,English,88.0
16478,16478,16479,Recess: Taking the Fifth Grade,2003,all,6.8,67%,0,0,0,1,0,Howy Parkins,"Animation,Comedy,Family",United States,English,62.0
16479,16479,16480,The Even Stevens Movie,2003,all,6.2,40%,0,0,0,1,0,Sean McNamara,"Comedy,Family",United States,English,93.0
16480,16480,16481,Marvel Rising: Secret Warriors,2018,,5.2,100%,0,0,0,1,0,"Alfred Gimeno,Eric Radomski","Animation,Action,Comedy,Fantasy,Sci-Fi",United States,English,80.0
16481,16481,16482,Mars Needs Moms,2011,7+,5.4,37%,0,0,0,1,0,Simon Wells,"Animation,Action,Adventure,Family,Sci-Fi",United States,English,88.0
16482,16482,16483,Sharpay's Fabulous Adventure,2011,all,4.7,60%,0,0,0,1,0,Michael Lembeck,"Comedy,Drama,Family,Music,Musical,Romance",United States,English,90.0
16483,16483,16484,The Wizards Return: Alex vs. Alex,2013,7+,6.4,,0,0,0,1,0,Victor Gonzalez,"Adventure,Comedy,Drama,Family,Fantasy",United States,"English,Italian",60.0
16484,16484,16485,Home Alone 3,1997,7+,4.5,29%,0,0,0,1,0,Raja Gosnell,"Comedy,Crime,Family",United States,"English,Polish",102.0
16485,16485,16486,3 Men and a Little Lady,1990,7+,5.4,38%,0,0,0,1,0,Emile Ardolino,"Comedy,Drama,Family,Romance",United States,English,104.0
16486,16486,16487,Beauty and the Beast: The Enchanted Christmas,1997,all,6.1,13%,0,0,0,1,0,Andrew Knight,"Animation,Family,Fantasy,Music,Musical","Canada,United States",English,72.0
16487,16487,16488,Annie,1999,all,6.7,,0,0,0,1,0,John Huston,"Comedy,Drama,Family,Musical",United States,English,126.0
16488,16488,16489,Tiger Cruise,2005,7+,6.2,60%,0,0,0,1,0,Duwayne Dunham,"Drama,Family",United States,English,88.0
16489,16489,16490,Stitch! The Movie,2003,all,6.2,20%,0,0,0,1,0,"Tony Craig,Roberts Gannaway","Animation,Adventure,Comedy,Family,Sci-Fi",United States,"Hawaiian,English",60.0
16490,16490,16491,Babes in Toyland,1961,all,6.3,36%,0,0,0,1,0,Jack Donohue,"Comedy,Family,Fantasy,Musical,Romance",United States,English,106.0
16491,16491,16492,Brink!,1998,all,7.1,,0,0,0,1,0,Greg Beeman,"Drama,Family,Sport",United States,English,99.0
16492,16492,16493,Tall Tale,1995,7+,5.9,50%,0,0,0,1,0,Jeremiah S. Chechik,"Adventure,Family,Fantasy,Western",United States,English,96.0
16493,16493,16494,"Good Luck Charlie, It's Christmas!",2011,all,6.4,,0,0,0,1,0,Arlene Sanford,"Comedy,Drama,Family",United States,"English,Korean",90.0
16494,16494,16495,G-Force,2009,7+,5.1,22%,0,0,0,1,0,Hoyt Yeatman,"Action,Adventure,Comedy,Family,Fantasy,Sci-Fi",United States,"Spanish,English",88.0
16495,16495,16496,Cloud 9,2014,all,6.6,,0,0,0,1,0,Paul Hoen,"Drama,Family,Sport",United States,English,85.0
16496,16496,16497,Geek Charming,2011,7+,6.4,,0,0,0,1,0,Jeffrey Hornaday,"Comedy,Drama,Family,Romance",United States,English,94.0
16497,16497,16498,Snow Dogs,2002,7+,5.2,25%,0,0,0,1,0,Brian Levant,"Adventure,Comedy,Family,Sport","Canada,United States",English,99.0
16498,16498,16499,Mulan II,2004,all,5.7,,0,0,0,1,0,"Darrell Rooney,Lynne Southerland","Animation,Action,Comedy,Family,Musical","United States,South Korea,Singapore,Russia,Malaysia,Kazakhstan,Taiwan,Hong Kong,Japan,China,India,Syria,Iran,Egypt,Pakistan",English,79.0
16499,16499,16500,Dr. Dolittle 2,2001,7+,4.7,42%,0,0,0,1,0,Steve Carr,"Comedy,Family,Fantasy",United States,English,87.0
16500,16500,16501,Kim Possible Movie: So the Drama,2005,all,7.1,,0,0,0,1,0,Steve Loter,"Animation,Action,Adventure,Comedy,Family,Fantasy,Sci-Fi",United States,English,71.0
16501,16501,16502,Camp Nowhere,1994,7+,6.1,18%,0,0,0,1,0,Jonathan Prince,"Adventure,Comedy,Family",United States,English,96.0
16502,16502,16503,Honey I Blew Up the Kid,1992,7+,4.8,40%,0,0,0,1,0,Randal Kleiser,"Adventure,Comedy,Family,Romance,Sci-Fi",United States,English,89.0
16503,16503,16504,Steamboat Willie,1928,,7.6,,0,0,0,1,0,"Ub Iwerks,Walt Disney","Animation,Short,Comedy,Family,Musical",United States,English,8.0
16504,16504,16505,Motocrossed,2001,all,6.6,,0,0,0,1,0,Steve Boyum,"Action,Adventure,Family",United States,English,110.0
16505,16505,16506,One Magic Christmas,1985,all,6.5,47%,0,0,0,1,0,Phillip Borsos,"Family,Fantasy","Canada,United States",English,89.0
16506,16506,16507,The Computer Wore Tennis Shoes,1969,all,6.1,50%,0,0,0,1,0,Robert Butler,"Comedy,Family,Sci-Fi",United States,English,91.0
16507,16507,16508,Halloweentown II: Kalabar's Revenge,2001,all,6.5,,0,0,0,1,0,Mary Lambert,"Adventure,Family,Fantasy",United States,English,81.0
16508,16508,16509,102 Dalmatians,2000,all,4.9,31%,0,0,0,1,0,Kevin Lima,"Adventure,Comedy,Family","United States,United Kingdom",English,100.0
16509,16509,16510,The Santa Clause 3: The Escape Clause,2006,all,4.7,17%,0,0,0,1,0,Michael Lembeck,"Adventure,Comedy,Family,Fantasy","United States,Canada",English,97.0
16510,16510,16511,Teen Beach 2,2015,all,6.1,,0,0,0,1,0,Jeffrey Hornaday,"Family,Fantasy,Musical",United States,English,104.0
16511,16511,16512,Return from Witch Mountain,1978,all,5.9,50%,0,0,0,1,0,John Hough,"Family,Adventure,Sci-Fi,Fantasy",United States,English,95.0
16512,16512,16513,Kitbull,2019,7+,8.0,,0,0,0,1,0,Rosana Sullivan,"Animation,Short,Drama,Family",United States,English,9.0
16513,16513,16514,Tru Confessions,2002,all,7.5,,0,0,0,1,0,Paul Hoen,"Drama,Comedy,Family","United States,Canada",English,112.0
16514,16514,16515,Treasure Island,1950,7+,6.9,,0,0,0,1,0,Byron Haskin,"Adventure,Family",United Kingdom,English,96.0
16515,16515,16516,Prom,2011,7+,5.4,36%,0,0,0,1,0,Joe Nussbaum,"Comedy,Drama,Family,Romance",United States,English,104.0
16516,16516,16517,Mickey's Twice Upon a Christmas,2004,all,6.5,,0,0,0,1,0,"Carole Holliday,Matthew O'Callaghan,Theresa Cullen","Animation,Comedy,Family,Fantasy",United States,English,68.0
16517,16517,16518,Zenon: Girl of the 21st Century,1999,all,6.4,,0,0,0,1,0,Kenneth Johnson,"Adventure,Comedy,Family,Sci-Fi",United States,English,97.0
16518,16518,16519,The Wild,2006,all,5.3,19%,0,0,0,1,0,Lee Tamahori,"Action,Adventure,Drama,Thriller",United States,English,117.0
16519,16519,16520,Halloweentown High,2004,all,6.2,,0,0,0,1,0,Mark A.Z. Dippé,"Comedy,Family,Fantasy",United States,English,82.0
16520,16520,16521,Valiant,2005,all,5.5,32%,0,0,0,1,0,Gary Chapman,"Animation,Adventure,Comedy,Family,War","United Kingdom,United States",English,76.0
16521,16521,16522,Candleshoe,1977,7+,6.8,,0,0,0,1,0,Norman Tokar,"Adventure,Comedy,Drama,Family","United Kingdom,United States",English,101.0
16522,16522,16523,The Haunted Mansion,2003,7+,5.0,14%,0,0,0,1,0,Rob Minkoff,"Comedy,Family,Fantasy,Horror,Mystery",United States,English,99.0
16523,16523,16524,Twitches Too,2007,7+,5.8,,0,0,0,1,0,Stuart Gillard,"Drama,Family,Fantasy",United States,English,83.0
16524,16524,16525,Jungle 2 Jungle,1997,7+,5.2,19%,0,0,0,1,0,John Pasquin,"Comedy,Family","United States,France",English,105.0
16525,16525,16526,Hannah Montana & Miley Cyrus: Best of Both Worlds Concert,2008,all,2.4,73%,0,0,0,1,0,Bruce Hendricks,"Documentary,Music",United States,English,74.0
16526,16526,16527,The Ugly Dachshund,1966,all,6.7,,0,0,0,1,0,Norman Tokar,"Comedy,Family",United States,"English,Japanese",93.0
16527,16527,16528,Kronk's New Groove,2005,all,5.8,,0,0,0,1,0,"Saul Blinkoff,Elliot M. Bour","Animation,Comedy,Family,Musical,Romance",United States,English,75.0
16528,16528,16529,Marvel Studios: Assembling a Universe,2014,7+,7.6,,0,0,0,1,0,,"Documentary,History",United States,English,43.0
16529,16529,16530,Smart House,1999,all,6.3,,0,0,0,1,0,LeVar Burton,"Comedy,Drama,Family,Sci-Fi",United States,English,82.0
16530,16530,16531,Cadet Kelly,2002,all,5.5,,0,0,0,1,0,Larry Shaw,"Comedy,Drama,Family","United States,Canada",English,101.0
16531,16531,16532,Z-O-M-B-I-E-S,2018,all,6.3,,0,0,0,1,0,Paul Hoen,"Family,Musical,Romance",United States,English,94.0
16532,16532,16533,Tom and Huck,1995,7+,5.5,25%,0,0,0,1,0,Peter Hewitt,"Adventure,Comedy,Drama,Family,Romance,Western",United States,English,97.0
16533,16533,16534,Young Black Stallion,2003,all,5.6,45%,0,0,0,1,0,Simon Wincer,"Adventure,Family,Drama",United States,English,50.0
16534,16534,16535,Tangled: Before Ever After,2017,all,6.6,,0,0,0,1,0,,"Animation,Action,Adventure,Comedy,Family,Fantasy,Musical",United States,"English,Czech",21.0
16535,16535,16536,The Reluctant Dragon,1941,all,6.9,,0,0,0,1,0,"Alfred L. Werker,Hamilton Luske,Jack Cutting,Ub Iwerks,Jack Kinney","Animation,Comedy,Family",United States,English,74.0
16536,16536,16537,Pocahontas II: Journey to a New World,1998,all,4.9,29%,0,0,0,1,0,"Tom Ellery,Bradley Raymond","Animation,Adventure,Drama,Family,Musical,Romance",United States,English,72.0
16537,16537,16538,Cheetah,1989,all,6.0,50%,0,0,0,1,0,Jeff Blyth,"Adventure,Drama,Family",United States,English,83.0
16538,16538,16539,Avalon High,2011,all,5.7,,0,0,0,1,0,Stuart Gillard,"Drama,Family,Fantasy",United States,English,90.0
16539,16539,16540,The Fox and the Hound 2,2006,all,5.3,20%,0,0,0,1,0,Jim Kammerud,"Animation,Adventure,Comedy,Family,Musical",United States,English,69.0
16540,16540,16541,"Honey, We Shrunk Ourselves",1997,7+,5.0,25%,0,0,0,1,0,Dean Cundey,"Action,Adventure,Comedy,Family,Sci-Fi",United States,English,74.0
16541,16541,16542,How to Build a Better Boy,2014,all,5.5,,0,0,0,1,0,Paul Hoen,"Comedy,Family,Sci-Fi",United States,"English,French",90.0
16542,16542,16543,The Jungle Book 2,2003,all,5.4,19%,0,0,0,1,0,Steve Trenbirth,"Animation,Adventure,Family,Musical","United States,Australia",English,72.0
16543,16543,16544,The Luck of the Irish,2001,all,6.2,,0,0,0,1,0,Paul Hoen,"Adventure,Comedy,Drama,Family,Fantasy,Sport",United States,English,86.0
16544,16544,16545,Tin Toy,1988,all,6.5,,0,0,0,1,0,John Lasseter,"Animation,Short,Family,Fantasy",United States,English,5.0
16545,16545,16546,Return to Halloweentown,2006,all,5.6,,0,0,0,1,0,David Jackson,"Comedy,Family,Fantasy",United States,English,88.0
16546,16546,16547,Winnie the Pooh: A Very Merry Pooh Year,2002,all,6.8,,0,0,0,1,0,"Gary Katona,Ed Wexler,Jamie Mitchell","Animation,Comedy,Drama,Family,Fantasy,Musical",United States,English,65.0
16547,16547,16548,Johnny Tsunami,1999,all,6.3,,0,0,0,1,0,Steve Boyum,"Drama,Family,Sport",United States,English,88.0
16548,16548,16549,The Disney Family Singalong,2020,all,8.1,,0,0,0,1,0,Hamish Hamilton,"Family,Musical",United States,English,
16549,16549,16550,Don't Look Under the Bed,1999,7+,6.9,,0,0,0,1,0,Kenneth Johnson,"Family,Fantasy",United States,English,100.0
16550,16550,16551,I'll Be Home for Christmas,1998,all,5.5,23%,0,0,0,1,0,Arlene Sanford,"Comedy,Family","United States,Canada",English,86.0
16551,16551,16552,Invisible Sister,2015,all,6.1,,0,0,0,1,0,Paul Hoen,"Adventure,Comedy,Family,Fantasy",United States,English,80.0
16552,16552,16553,Confessions of a Teenage Drama Queen,2004,7+,4.6,14%,0,0,0,1,0,Sara Sugarman,"Comedy,Family,Music,Romance","Germany,United States",English,89.0
16553,16553,16554,The Shaggy D.A.,1976,all,5.9,50%,0,0,0,1,0,Robert Stevenson,"Comedy,Family,Fantasy",United States,English,91.0
16554,16554,16555,Minutemen,2008,all,5.8,,0,0,0,1,0,Lev L. Spiro,"Adventure,Comedy,Family,Sci-Fi",United States,English,98.0
16555,16555,16556,Shipwrecked,1990,7+,6.7,,0,0,0,1,0,Nils Gaup,"Adventure,Family","Norway,Sweden,United States",English,92.0
16556,16556,16557,Into the Okavango,2018,7+,7.7,,0,0,0,1,0,Neil Gelinas,Documentary,"United States,Angola,Botswana,Namibia,South Africa",English,88.0
16557,16557,16558,Winnie the Pooh: Springtime with Roo,2004,all,6.5,,0,0,0,1,0,"Saul Blinkoff,Elliot M. Bour","Animation,Adventure,Comedy,Drama,Family,Musical",United States,"English,Arabic",65.0
16558,16558,16559,12 Dates of Christmas,2011,7+,6.3,,0,0,0,1,0,James Hayman,"Comedy,Fantasy,Romance",United States,English,90.0
16559,16559,16560,Cow Belles,2006,all,5.2,,0,0,0,1,0,Francine McDougall,"Comedy,Family,Romance",United States,English,90.0
16560,16560,16561,The Brave Little Toaster to the Rescue,1997,all,6.3,40%,0,0,0,1,0,"Robert C. Ramirez,Patrick A. Ventura","Animation,Adventure,Family,Fantasy",United States,"Chinese,Mandarin,Japanese,Korean,French,English",74.0
16561,16561,16562,Blank Check,1994,7+,5.3,9%,0,0,0,1,0,Rupert Wainwright,"Comedy,Crime,Family",United States,English,93.0
16562,16562,16563,Cinderella II: Dreams Come True,2002,all,5.0,11%,0,0,0,1,0,John Kafka,"Animation,Family,Fantasy,Romance",United States,English,73.0
16563,16563,16564,The Thirteenth Year,1999,all,6.0,,0,0,0,1,0,Duwayne Dunham,"Comedy,Family,Fantasy",United States,English,95.0
16564,16564,16565,Phineas and Ferb: Star Wars,2014,all,8.2,,0,0,0,1,0,"Robert Hughes,Sue Perrotto","Animation,Action,Comedy,Family,Musical,Sci-Fi",United States,"English,Brazilian Sign Language",51.0
16565,16565,16566,Belle's Magical World,1998,all,5.4,17%,0,0,0,1,0,"Bob Kline,Cullen Blaine,Dale Case,Daniel de la Vega,Barbara Dourmaskin-Case,Rick Leon,Burt Medall,Mitch Rochon","Animation,Comedy,Family,Fantasy,Musical,Romance",United States,English,92.0
16566,16566,16567,Davy Crockett and the River Pirates,1956,all,6.8,,0,0,0,1,0,Norman Foster,"Adventure,Comedy,Drama,Family,Western",United States,English,81.0
16567,16567,16568,The Suite Life Movie,2011,all,5.3,,0,0,0,1,0,Sean McNamara,"Adventure,Comedy,Crime,Drama,Family,Sci-Fi",United States,English,79.0
16568,16568,16569,Lamp Life,2020,,6.7,,0,0,0,1,0,Valerie LaPointe,"Animation,Short,Family,Fantasy",United States,English,7.0
16569,16569,16570,Tarzan & Jane,2002,all,5.4,17%,0,0,0,1,0,"Steve Loter,Victor Cook,Steve Loter,Don MacKinnon,Lisa Schaffer","Animation,Adventure,Family",United States,English,75.0
16570,16570,16571,Bad Hair Day,2015,all,6.0,,0,0,0,1,0,Erik Canuel,"Adventure,Comedy,Family",Canada,English,87.0
16571,16571,16572,Operation Dumbo Drop,1995,7+,5.1,31%,0,0,0,1,0,Simon Wincer,"Action,Adventure,Comedy,Drama,Family,War",United States,"English,Vietnamese",107.0
16572,16572,16573,The Story of Robin Hood and His Merrie Men,1952,7+,6.7,,0,0,0,1,0,Ken Annakin,"Action,Adventure,Family",United Kingdom,English,84.0
16573,16573,16574,Read It and Weep,2006,all,5.5,,0,0,0,1,0,Paul Hoen,"Comedy,Drama,Family",United States,English,84.0
16574,16574,16575,The Living Desert,1953,all,7.5,,0,0,0,1,0,James Algar,"Family,Documentary",United States,English,69.0
16575,16575,16576,Herbie Goes Bananas,1980,all,5.0,40%,0,0,0,1,0,Vincent McEveety,"Adventure,Comedy,Family,Fantasy",United States,"English,Spanish",100.0
16576,16576,16577,Mr. Boogedy,1986,all,7.3,,0,0,0,1,0,Allison Pregler,Comedy,,,21.0
16577,16577,16578,Double Teamed,2002,all,6.1,,0,0,0,1,0,Duwayne Dunham,"Biography,Drama,Family,Sport",United States,English,120.0
16578,16578,16579,The Brave Little Toaster Goes to Mars,1998,all,5.7,40%,0,0,0,1,0,"Robert C. Ramirez,Patrick A. Ventura","Animation,Adventure,Family,Sci-Fi",United States,English,73.0
16579,16579,16580,First Kid,1996,7+,5.2,23%,0,0,0,1,0,David Mickey Evans,"Family,Comedy",United States,English,101.0
16580,16580,16581,The Adventures of Bullwhip Griffin,1967,,6.5,43%,0,0,0,1,0,James Neilson,"Action,Adventure,Comedy,Family,Romance,Western",United States,English,108.0
16581,16581,16582,The Proud Family Movie,2005,all,5.4,,0,0,0,1,0,Bruce W. Smith,"Animation,Adventure,Comedy,Family,Fantasy,Sci-Fi",United States,English,90.0
16582,16582,16583,Phineas and Ferb: Mission Marvel,2013,all,8.3,,0,0,0,1,0,"Robert Hughes,Sue Perrotto","Animation,Action,Comedy,Family,Musical,Sci-Fi",,Brazilian Sign Language,45.0
16583,16583,16584,Go Figure,2005,all,5.7,,0,0,0,1,0,Francine McDougall,"Comedy,Drama,Family,Sport",United States,English,88.0
16584,16584,16585,Stuck in the Suburbs,2004,all,5.6,,0,0,0,1,0,Savage Steve Holland,"Comedy,Family,Music",United States,English,76.0
16585,16585,16586,Ice Age: The Great Egg-Scapade,2016,7+,5.9,,0,0,0,1,0,"Paul Stodolny,Ricardo Curtis,Steve Martino,Mike Thurmeier","Animation,Short,Adventure,Comedy,Family",United States,English,25.0
16586,16586,16587,College Road Trip,2008,all,4.3,12%,0,0,0,1,0,Roger Kumble,"Adventure,Comedy,Drama,Family",United States,English,83.0
16587,16587,16588,Girl vs. Monster,2012,7+,5.5,,0,0,0,1,0,Stuart Gillard,"Action,Adventure,Comedy,Family,Fantasy,Sci-Fi","United States,Canada",English,89.0
16588,16588,16589,Going to the Mat,2004,all,6.8,,0,0,0,1,0,Stuart Gillard,"Drama,Family,Sport",United States,English,120.0
16589,16589,16590,Right on Track,2003,all,6.2,,0,0,0,1,0,Duwayne Dunham,"Biography,Drama,Family",United States,English,89.0
16590,16590,16591,Life with Mikey,1993,7+,5.6,25%,0,0,0,1,0,James Lapine,"Comedy,Family",United States,English,91.0
16591,16591,16592,Wendy Wu: Homecoming Warrior,2006,all,5.4,,0,0,0,1,0,John Laing,"Action,Adventure,Family",United States,"English,Mandarin,Cantonese",91.0
16592,16592,16593,"Marvel: 75 Years, From Pulp to Pop!",2014,7+,7.3,,0,0,0,1,0,Zak Knutson,"Documentary,History",United States,English,42.0
16593,16593,16594,The Small One,1978,all,7.8,,0,0,0,1,0,Don Bluth,"Animation,Short,Family",United States,English,26.0
16594,16594,16595,Phantom of the Megaplex,2000,all,6.5,,0,0,0,1,0,Blair Treu,"Action,Comedy,Family,Mystery","United States,Canada",English,89.0
16595,16595,16596,The Apple Dumpling Gang Rides Again,1979,all,6.2,,0,0,0,1,0,Vincent McEveety,"Comedy,Family,Western",United States,English,88.0
16596,16596,16597,Mom's Got a Date with a Vampire,2000,7+,5.9,,0,0,0,1,0,Steve Boyum,"Comedy,Family,Fantasy,Horror","Canada,United States",English,85.0
16597,16597,16598,Atlantis: Milo's Return,2003,all,5.1,,0,0,0,1,0,"Victor Cook,Toby Shelton,Tad Stones","Animation,Action,Adventure,Comedy,Drama,Family,Fantasy,Sci-Fi",United States,"Norwegian,English",70.0
16598,16598,16599,Snowball Express,1972,all,6.5,,0,0,0,1,0,Norman Tokar,"Comedy,Family",United States,English,93.0
16599,16599,16600,Sacred Planet,2004,all,6.1,58%,0,0,0,1,0,Jon Long,"Documentary,Short","Canada,Malaysia,United States",English,40.0
16600,16600,16601,The Hunchback of Notre Dame II,2002,all,4.7,30%,0,0,0,1,0,Bradley Raymond,"Animation,Adventure,Comedy,Drama,Family,Musical,Romance",United States,English,68.0
16601,16601,16602,Rip Girls,2000,all,6.2,,0,0,0,1,0,Joyce Chopra,"Drama,Family,Romance","Australia,United States",English,87.0
16602,16602,16603,MARS: Inside SpaceX,2018,7+,7.4,,0,0,0,1,0,Julia Reagan,Documentary,United States,English,46.0
16603,16603,16604,Zenon: The Zequel,2001,all,5.9,,0,0,0,1,0,Manny Coto,"Comedy,Family,Adventure,Sci-Fi","United States,New Zealand",English,100.0
16604,16604,16605,Wings of Life,2011,all,7.4,,0,0,0,1,0,Louie Schwartzberg,"Documentary,Family,News","United States,Panama,Mexico",English,81.0
16605,16605,16606,Get a Clue,2002,all,5.1,,0,0,0,1,0,Maggie Greenwald,"Comedy,Crime,Family,Mystery",United States,English,83.0
16606,16606,16607,Hatching Pete,2009,all,5.4,,0,0,0,1,0,Stuart Gillard,"Comedy,Family",United States,English,90.0
16607,16607,16608,Apollo: Missions to the Moon,2019,,7.7,,0,0,0,1,0,Tom Jennings,History,United States,English,94.0
16608,16608,16609,Pixel Perfect,2004,all,5.7,,0,0,0,1,0,Mark A.Z. Dippé,"Family,Sci-Fi,Comedy,Fantasy,Music",United States,"English,German",85.0
16609,16609,16610,The Vanishing Prairie,1954,all,7.5,,0,0,0,1,0,James Algar,"Documentary,Family",United States,English,71.0
16610,16610,16611,Alley Cats Strike,2000,all,6.1,,0,0,0,1,0,Rod Daniel,"Drama,Family,Sport","United States,Canada",English,103.0
16611,16611,16612,Life-Size 2,2018,16+,4.8,40%,0,0,0,1,0,Steven K. Tsuchida,"Comedy,Fantasy",United States,English,81.0
16612,16612,16613,Johnny Kapahala - Back on Board,2007,,5.5,,0,0,0,1,0,Eric Bross,"Comedy,Drama,Family,Sport",United States,English,90.0
16613,16613,16614,Jumping Ship,2001,all,6.2,,0,0,0,1,0,Michael Lange,"Family,Adventure,Comedy,Drama","Australia,United States",English,93.0
16614,16614,16615,The Million Dollar Duck,1971,all,5.9,17%,0,0,0,1,0,Vincent McEveety,"Comedy,Family,Sci-Fi",United States,English,89.0
16615,16615,16616,Frenemies,2012,all,5.0,,0,0,0,1,0,Daisy von Scherler Mayer,"Comedy,Drama,Family",United States,English,87.0
16616,16616,16617,Eddie's Million Dollar Cook Off,2003,all,6.0,,0,0,0,1,0,Paul Hoen,"Comedy,Family,Sport",United States,English,110.0
16617,16617,16618,Babes in the Woods,1932,,6.8,,0,0,0,1,0,Burt Gillett,"Family,Animation,Short,Comedy",United States,English,8.0
16618,16618,16619,America's Heart and Soul,2004,7+,5.1,50%,0,0,0,1,0,Louie Schwartzberg,Documentary,United States,English,84.0
16619,16619,16620,The Mistle-Tones,2012,7+,6.7,,0,0,0,1,0,Paul Hoen,"Comedy,Family,Music",United States,English,90.0
16620,16620,16621,A Ring of Endless Light,2002,all,6.1,,0,0,0,1,0,Greg Beeman,"Drama,Family,Romance",United States,English,88.0
16621,16621,16622,The Other Me,2000,all,6.1,,0,0,0,1,0,Sotiris Tsafoulias,"Crime,Drama,Mystery,Thriller",Greece,"Greek,French",101.0
16622,16622,16623,"Up, Up, and Away",2000,all,5.6,,0,0,0,1,0,Andy Liotta,Documentary,United States,English,80.0
16623,16623,16624,Dolphin Reef,2018,all,6.8,,0,0,0,1,0,"Keith Scholey,Alastair Fothergill","Documentary,Family",United States,English,77.0
16624,16624,16625,Gus,1976,all,5.9,,0,0,0,1,0,Vincent McEveety,"Comedy,Family,Sport",United States,English,96.0
16625,16625,16626,Almost Angels,1962,,6.7,,0,0,0,1,0,Steve Previn,"Comedy,Family,Music",United States,English,93.0
16626,16626,16627,Gotta Kick It Up!,2002,all,5.8,,0,0,0,1,0,Ramón Menéndez,"Comedy,Drama,Family",United States,English,78.0
16627,16627,16628,The African Lion,1955,all,7.2,,0,0,0,1,0,James Algar,"Family,Documentary",United States,English,75.0
16628,16628,16629,Horse Sense,1999,all,6.2,,0,0,0,1,0,Greg Beeman,"Drama,Family",United States,English,92.0
16629,16629,16630,Snowglobe,2007,7+,6.0,,0,0,0,1,0,Ron Lagomarsino,"Comedy,Family,Fantasy,Romance",United States,English,86.0
16630,16630,16631,Once Upon A Mattress,2005,7+,6.3,,0,0,0,1,0,"Ron Field,Dave Powers","Comedy,Family,Musical,Romance",United States,English,90.0
16631,16631,16632,Jonas Brothers: The Concert Experience,2009,all,1.6,24%,0,0,0,1,0,Bruce Hendricks,"Documentary,Music",United States,English,76.0
16632,16632,16633,You Wish!,2003,all,6.1,,0,0,0,1,0,Paul Hoen,"Comedy,Family,Fantasy,Drama","New Zealand,United States",English,84.0
16633,16633,16634,The Country Bears,2002,all,4.1,29%,0,0,0,1,0,Peter Hastings,"Comedy,Family,Music,Musical",United States,English,88.0
16634,16634,16635,A Celebration of the Music from Coco,2020,,7.4,,0,0,0,1,0,Ron de Moraes,Music,United States,English,
16635,16635,16636,In the Footsteps of Elephant,2020,,7.8,,0,0,0,1,0,"Vanessa Berlowitz,Tom Stephens","Documentary,Adventure,Family",United States,English,85.0
16636,16636,16637,Out of Scale,1951,,7.5,,0,0,0,1,0,Jack Hannah,"Animation,Short,Comedy,Family",United States,English,7.0
16637,16637,16638,Inspector Gadget 2,2003,all,3.4,40%,0,0,0,1,0,Alex Zamm,"Action,Comedy,Crime,Family,Sci-Fi",United States,English,89.0
16638,16638,16639,Zenon: Z3,2004,all,5.5,,0,0,0,1,0,Steve Rash,"Adventure,Comedy,Family,Sci-Fi",United States,English,81.0
16639,16639,16640,Den Brother,2010,,5.4,,0,0,0,1,0,Mark L. Taylor,"Family,Romance,Sport",United States,English,89.0
16640,16640,16641,Miracle In Lane 2,2000,all,6.0,,0,0,0,1,0,Greg Beeman,"Biography,Comedy,Drama,Family,Sport",United States,English,120.0
16641,16641,16642,Three Days,2001,all,7.2,,0,0,0,1,0,Paul Haggis,"Action,Crime,Drama,Romance,Thriller","United States,France",English,133.0
16642,16642,16643,Atlantis Rising,2017,,6.6,,0,0,0,1,0,Simcha Jacobovici,"Documentary,Adventure,Mystery",Canada,English,93.0
16643,16643,16644,Doug's 1st Movie,1999,all,5.0,26%,0,0,0,1,0,Maurice Joyce,"Animation,Adventure,Comedy,Drama,Family,Fantasy,Sci-Fi",United States,English,77.0
16644,16644,16645,The Strongest Man in the World,1975,all,6.1,,0,0,0,1,0,Vincent McEveety,"Comedy,Family,Sci-Fi",United States,English,92.0
16645,16645,16646,Titanic: 20 Years Later with James Cameron,2017,7+,7.2,,0,0,0,1,0,Thomas C. Grane,Documentary,United States,English,46.0
16646,16646,16647,Quints,2000,all,5.7,,0,0,0,1,0,Bill Corcoran,"Comedy,Drama,Family","Canada,United States",English,83.0
16647,16647,16648,Breaking2,2017,7+,7.4,,0,0,0,1,0,Martin Desmond Roe,Documentary,United States,English,55.0
16648,16648,16649,Life Is Ruff,2005,7+,4.9,,0,0,0,1,0,Charles Haid,"Comedy,Family",United States,English,84.0
16649,16649,16650,Jungle Cat,1959,7+,7.5,,0,0,0,1,0,James Algar,"Documentary,Family",United States,English,69.0
16650,16650,16651,Under the Sea: A Descendants Story,2018,,6.0,,0,0,0,1,0,Hasraf Dulull,"Short,Fantasy",,"English,German",10.0
16651,16651,16652,Santa Paws 2: The Santa Pups,2012,all,4.9,,0,0,0,1,0,Robert Vince,"Adventure,Family",United States,English,88.0
16652,16652,16653,Dadnapped,2009,all,4.9,,0,0,0,1,0,Paul Hoen,"Action,Adventure,Comedy,Crime,Family",United States,English,84.0
16653,16653,16654,Bride of Boogedy,1987,all,7.5,,0,0,0,1,0,Oz Scott,"Adventure,Drama,Family",United States,English,93.0
16654,16654,16655,Into the Grand Canyon,2019,,7.5,,0,0,0,1,0,Peter McBride,Documentary,United States,English,84.0
16655,16655,16656,The Ultimate Christmas Present,2000,all,5.9,,0,0,0,1,0,Greg Beeman,"Comedy,Family","Canada,United States",English,85.0
16656,16656,16657,Diving with Dolphins,2020,,7.5,,0,0,0,1,0,Keith Scholey,Documentary,United States,"English,French",79.0
16657,16657,16658,A Kid in King Arthur's Court,1995,7+,4.7,5%,0,0,0,1,0,Michael Gottlieb,"Adventure,Comedy,Family,Fantasy,Romance","United States,Hungary,United Kingdom",English,89.0
16658,16658,16659,Marvel Rising: Chasing Ghosts,2019,,4.6,,0,0,0,1,0,Alfred Gimeno,"Animation,Short,Action,Adventure",United States,English,22.0
16659,16659,16660,Super Buddies,2013,all,4.2,,0,0,0,1,0,Robert Vince,Family,United States,,81.0
16660,16660,16661,The Sandlot: Heading Home,2007,7+,5.0,,0,0,0,1,0,William Dear,"Family,Sport","United States,Canada",English,96.0
16661,16661,16662,Marvel Rising: Heart of Iron,2019,,4.0,,0,0,0,1,0,"Sol Choi,Alfred Gimeno","Animation,Short,Action,Sci-Fi",United States,English,44.0
16662,16662,16663,The Secret of the Magic Gourd,2007,all,5.1,,0,0,0,1,0,Frankie Chung,"Drama,Family","China,Hong Kong,United States","Mandarin,English",84.0
16663,16663,16664,Recess: All Growed Down,2003,all,6.7,,0,0,0,1,0,"Howy Parkins,Chuck Sheetz","Animation,Comedy,Family",United States,English,61.0
16664,16664,16665,The Scream Team,2002,7+,6.7,,0,0,0,1,0,Stuart Gillard,"Comedy,Family,Fantasy,Horror",United States,English,100.0
16665,16665,16666,Perri,1957,all,6.7,,0,0,0,1,0,"Paul Kenworthy,Ralph Wright","Adventure,Family,Fantasy,Romance",United States,English,75.0
16666,16666,16667,Penguins: Life on the Edge,2020,,6.9,,0,0,0,1,0,"Alastair Fothergill,Jeff Wilson","Documentary,Family",United States,"English,French",78.0
16667,16667,16668,High School Musical: The Musical: The Series: The Special,2019,,7.5,,0,0,0,1,0,Clayton Cogswell,Documentary,United States,English,23.0
16668,16668,16669,Buffalo Dreams,2005,all,5.8,,0,0,0,1,0,David Jackson,Family,United States,English,89.0
16669,16669,16670,Full-Court Miracle,2003,all,5.8,,0,0,0,1,0,Stuart Gillard,"Drama,Family,Sport",United States,English,90.0
16670,16670,16671,Twas the Night,2001,all,5.4,,0,0,0,1,0,Nick Castle,"Comedy,Family",United States,English,84.0
16671,16671,16672,George of the Jungle 2,2003,7+,3.3,17%,0,0,0,1,0,David Grossman,"Adventure,Comedy,Family","United States,Australia",English,87.0
16672,16672,16673,The Plausible Impossible,1956,,7.7,,0,0,0,1,0,"William Beaudine,Wilfred Jackson","Adventure,Drama,Family",United States,English,50.0
16673,16673,16674,Miracle at Midnight,1998,,7.1,,0,0,0,1,0,Ken Cameron,"Adventure,Drama,Family,Fantasy",United States,English,90.0
16674,16674,16675,Iron Man & Hulk: Heroes United,2013,7+,4.7,,0,0,0,1,0,"Eric Radomski,Leo Riley","Animation,Action,Adventure,Family,Sci-Fi",United States,English,71.0
16675,16675,16676,Stepsister from Planet Weird,2000,all,5.9,,0,0,0,1,0,Steve Boyum,"Comedy,Family,Sci-Fi",United States,English,85.0
16676,16676,16677,Expedition Mars,2016,,8.0,,0,0,0,1,0,Mark Davis,Documentary,United States,English,88.0
16677,16677,16678,That Darn Cat,1997,7+,4.7,13%,0,0,0,1,0,Robert Stevenson,"Comedy,Crime,Family,Thriller",United States,"English,French",116.0
16678,16678,16679,Those Calloways,1965,7+,6.7,,0,0,0,1,0,Norman Tokar,"Drama,Family",United States,English,131.0
16679,16679,16680,The Sign of Zorro,1958,,7.1,,0,0,0,1,0,"Lewis R. Foster,Norman Foster","Adventure,Drama,Family,Romance,Western",United States,English,91.0
16680,16680,16681,Decorating Disney: Holiday Magic,2017,7+,6.9,,0,0,0,1,0,,Reality-TV,United States,English,42.0
16681,16681,16682,Treasure of Matecumbe,1976,all,6.2,,0,0,0,1,0,Vincent McEveety,"Adventure,Family,Western",United States,English,117.0
16682,16682,16683,The Christmas Star,1986,all,6.4,,0,0,0,1,0,Alan Shapiro,"Drama,Family","Canada,United States",English,94.0
16683,16683,16684,Stonehenge: Decoded,2008,,6.5,,0,0,0,1,0,Christopher Spencer,"Documentary,History",United Kingdom,English,92.0
16684,16684,16685,Marvel Rising: Operation Shuri,2019,7+,5.2,,0,0,0,1,0,"Chris Rutkowski,Eric Radomski","Animation,Short,Action,Adventure",United States,English,21.0
16685,16685,16686,Emil and the Detectives,1964,7+,6.2,,0,0,0,1,0,Peter Tewksbury,"Comedy,Family,Drama,Crime",United States,English,99.0
16686,16686,16687,Marvel Rising: Battle of the Bands,2019,,5.0,,0,0,0,1,0,Chris Rutkowski,"Animation,Short,Action,Adventure,Family",United States,English,22.0
16687,16687,16688,Kazaam,1996,7+,3.0,6%,0,0,0,1,0,Paul Michael Glaser,"Comedy,Family,Fantasy,Musical",United States,English,93.0
16688,16688,16689,Marvel Rising: Playing with Fire,2019,7+,5.3,,0,0,0,1,0,"Sol Choi,Eric Radomski","Animation,Action,Adventure,Sci-Fi",United States,English,44.0
16689,16689,16690,Nature's Half Acre,1951,,7.2,,0,0,0,1,0,James Algar,"Documentary,Short,Family",United States,English,33.0
16690,16690,16691,Ready to Run,2000,all,5.3,,0,0,0,1,0,Duwayne Dunham,"Family,Sport","United States,New Zealand",English,96.0
16691,16691,16692,You Lucky Dog,1998,all,4.7,,0,0,0,1,0,Paul Schneider,"Comedy,Family,Fantasy,Mystery",United States,English,89.0
16692,16692,16693,Water Birds,1952,,6.7,,0,0,0,1,0,Ben Sharpsteen,"Documentary,Short,Family",United States,English,30.0
16693,16693,16694,The Flood,2018,,8.1,,0,0,0,1,0,Anthony Woodley,Drama,United Kingdom,English,99.0
16694,16694,16695,Skyrunners,2009,all,5.0,,0,0,0,1,0,Ralph Hemecker,"Family,Sci-Fi",United States,English,92.0
16695,16695,16696,The Lost Tomb of Alexander the Great,2019,7+,6.6,,0,0,0,1,0,Duncan Singh,Documentary,United Kingdom,English,
16696,16696,16697,Drain the Great Lakes,2011,all,6.9,,0,0,0,1,0,"Wayne Abbott,Crispin Sadler",Documentary,"United Kingdom,Canada,United States",English,47.0
16697,16697,16698,Disney's Fairy Tale Weddings,2017,,6.8,,0,0,0,1,0,,Reality-TV,United States,English,63.0
16698,16698,16699,Paris to Pittsburgh,2018,,6.9,,0,0,0,1,0,"Sidney Beaumont,Michael Bonfiglio",Documentary,United States,English,77.0
16699,16699,16700,A Tale of Two Critters,1977,all,6.5,,0,0,0,1,0,Jack Speirs,"Adventure,Family",United States,English,48.0
16700,16700,16701,Drain the Titanic,2016,,6.4,,0,0,0,1,0,Wayne Abbott,Documentary,"United Kingdom,Canada,United States",English,46.0
16701,16701,16702,Fuzzbucket,1986,all,6.2,,0,0,0,1,0,Mick Garris,"Adventure,Drama,Family",United States,English,46.0
16702,16702,16703,Trail of the Panda,2009,all,6.5,,0,0,0,1,0,Zhong Yu,"Adventure,Family",China,Mandarin,87.0
16703,16703,16704,Secrets of Christ's Tomb: Explorer Special,2017,,6.4,,0,0,0,1,0,Robert Strange,Documentary,United States,English,46.0
16704,16704,16705,"Sammy, the Way-Out Seal",1962,all,6.7,,0,0,0,1,0,Norman Tokar,"Adventure,Drama,Family",United States,English,89.0
16705,16705,16706,Meet the Deedles,1998,7+,4.1,7%,0,0,0,1,0,Steve Boyum,"Comedy,Family",United States,English,93.0
16706,16706,16707,Justin Morgan Had a Horse,1972,all,6.5,,0,0,0,1,0,Hollingsworth Morse,"Family,Drama,Western",United States,English,91.0
16707,16707,16708,The Biscuit Eater,1972,all,5.7,,0,0,0,1,0,Vincent McEveety,"Drama,Family",United States,English,90.0
16708,16708,16709,Miracle Landing on the Hudson,2013,,6.7,,0,0,0,1,0,Simon George,Drama,United States,English,90.0
16709,16709,16710,Prowlers of the Everglades,1953,,8.0,,0,0,0,1,0,James Algar,"Documentary,Short,Family",United States,English,32.0
16710,16710,16711,The Castaway Cowboy,1974,all,5.9,,0,0,0,1,0,Vincent McEveety,"Comedy,Family,Western",United States,English,91.0
16711,16711,16712,Casebusters,1986,all,5.8,,0,0,0,1,0,Wes Craven,"Adventure,Drama,Family",United States,English,45.0
16712,16712,16713,Mission to the Sun,2018,7+,6.9,,0,0,0,1,0,Daniel M. Smith,Documentary,United States,English,60.0
16713,16713,16714,Drain the Bermuda Triangle,2014,,6.4,,0,0,0,1,0,Jobim Sampson,Documentary,United States,English,44.0
16714,16714,16715,Drain The Ocean: WWII,2016,7+,7.0,,0,0,0,1,0,Mike Slee,History,United States,English,44.0
16715,16715,16716,Hounded,2001,all,5.1,,0,0,0,1,0,Neal Israel,"Comedy,Drama,Family",United States,English,91.0
16716,16716,16717,Yellowstone Cubs,1963,all,6.9,,0,0,0,1,0,Charles L. Draper,Family,United States,English,48.0
16717,16717,16718,Kingdom of the Blue Whale,2009,,7.3,,0,0,0,1,0,,Documentary,United States,English,94.0
16718,16718,16719,Viking Warrior Women,2019,,6.6,,0,0,0,1,0,"David Bartlett,Sebastian Peiter","Documentary,Drama,History",United Kingdom,"English,Swedish,German",51.0
16719,16719,16720,Pocahontas,1995,,5.3,55%,0,0,0,1,0,"Mike Gabriel,Eric Goldberg","Animation,Adventure,Drama,Family,Musical,Romance",United States,"English,Algonquin",81.0
16720,16720,16721,Drain Alcatraz,2017,,5.9,,0,0,0,1,0,Wayne Abbott,Documentary,United States,English,47.0
16721,16721,16722,The Spaceman and King Arthur,1979,all,5.3,,0,0,0,1,0,Russ Mayberry,"Comedy,Family,Adventure,Fantasy,Sci-Fi",United States,English,93.0
16722,16722,16723,Secrets of Life,1956,all,7.2,,0,0,0,1,0,James Algar,"Documentary,Family",United States,English,70.0
16723,16723,16724,Hacksaw,1971,7+,6.3,,0,0,0,1,0,Larry Lansburgh,Family,United States,English,89.0
16724,16724,16725,Can of Worms,1999,7+,5.0,,0,0,0,1,0,Paul Schneider,"Comedy,Family,Sci-Fi","United States,Canada",English,90.0
16725,16725,16726,My Dog the Thief,1969,,6.1,,0,0,0,1,0,Robert Stevenson,"Adventure,Drama,Family",United States,English,88.0
16726,16726,16727,Richie Rich's Christmas Wish,1998,all,4.1,,0,0,0,1,0,John Murlowski,"Comedy,Family",United States,English,84.0
16727,16727,16728,The Jungle Book: Mowgli's Story,1998,all,4.2,,0,0,0,1,0,Nick Marck,"Adventure,Family",United States,English,77.0
16728,16728,16729,How Dogs Got Their Shapes,2016,,6.7,,0,0,0,1,0,Keith Haskel,Documentary,United States,English,
16729,16729,16730,Drain The Sunken Pirate City,2017,,6.6,,0,0,0,1,0,Sophie Elwin-Harris,Documentary,United Kingdom,English,47.0
16730,16730,16731,Bizarre Dinosaurs,2010,,6.8,,0,0,0,1,0,Jenny Kubo,Documentary,United States,English,48.0
16731,16731,16732,Earth Live,2017,,5.5,,0,0,0,1,0,Glenn Weiss,Documentary,United States,English,
16732,16732,16733,The Boy Who Talked to Badgers,1975,,6.2,,0,0,0,1,0,Gary Nelson,"Adventure,Family",United States,English,89.0
16733,16733,16734,Sea of Hope: America's Underwater Treasures,2017,,7.3,,0,0,0,1,0,Robert Nixon,Documentary,United States,English,48.0
16734,16734,16735,Sultan And The Rock Star,1980,,5.9,,0,0,0,1,0,Edward M. Abroms,"Adventure,Drama,Family",United States,English,60.0
16735,16735,16736,Secrets of the King Cobra,2010,,6.4,,0,0,0,1,0,,Documentary,India,English,
16736,16736,16737,Winged Seduction: Birds of Paradise,2012,,6.5,,0,0,0,1,0,Molly Hermann,Documentary,United States,English,
16737,16737,16738,The Bears and I,1974,all,6.2,,0,0,0,1,0,Bernard McEveety,"Drama,Family",United States,English,89.0
16738,16738,16739,Whispers: An Elephant's Tale,2000,all,5.0,,0,0,0,1,0,Dereck Joubert,"Adventure,Family",United States,English,72.0
16739,16739,16740,The Ghosts of Buxley Hall,1980,,6.2,,0,0,0,1,0,Bruce Bilson,"Comedy,Family,Fantasy,Horror",United States,English,120.0
16740,16740,16741,The Poof Point,2001,7+,4.7,,0,0,0,1,0,Neal Israel,"Comedy,Family,Sci-Fi",United States,English,90.0
16741,16741,16742,Sharks of Lost Island,2013,,5.7,,0,0,0,1,0,Neil Gelinas,Documentary,United States,English,
16742,16742,16743,Man Among Cheetahs,2017,,6.6,,0,0,0,1,0,Richard Slater-Jones,Documentary,United States,English,
16743,16743,16744,In Beaver Valley,1950,,,,0,0,0,1,0,James Algar,"Documentary,Short,Family",United States,English,32.0
